name,type,start_time,duration,"ack","address","read","data"
"I2C","start",0.81737084,4e-08,,,,
"I2C","address",0.81740836,0.00021248,true,0x27,false,
"I2C","data",0.81763336,0.00021248,true,,,0x88
"I2C","stop",0.81787084,3.99999999e-08,,,,
"I2C","start",0.8182376,3.99999999e-08,,,,
"I2C","address",0.81827508,0.00021248,true,0x27,false,
"I2C","data",0.81850008,0.00021248,true,,,0x8C
"I2C","stop",0.8187376,4.00000001e-08,,,,
"I2C","start",0.81966224,4e-08,,,,
"I2C","address",0.81969976,0.00021248,true,0x27,false,
"I2C","data",0.81992476,0.00021248,true,,,0x88
"I2C","stop",0.82016224,4e-08,,,,
"I2C","start",0.82069236,4e-08,,,,
"I2C","address",0.82072988,0.00021248,true,0x27,false,
"I2C","data",0.82095488,0.00021248,true,,,0x08
"I2C","stop",0.82119236,4e-08,,,,
"I2C","start",0.82151208,4e-08,,,,
"I2C","address",0.8215496,0.00021248,true,0x27,false,
"I2C","data",0.8217746,0.00021248,true,,,0x0C
"I2C","stop",0.82201208,3.99999999e-08,,,,
"I2C","start",0.82292252,4e-08,,,,
"I2C","address",0.82296,0.00021248,true,0x27,false,
"I2C","data",0.823185,0.00021248,true,,,0x08
"I2C","stop",0.82342252,3.99999999e-08,,,,
"I2C","start",0.8239538,4e-08,,,,
"I2C","address",0.82399132,0.00021248,true,0x27,false,
"I2C","data",0.82421632,0.00021248,true,,,0x69
"I2C","stop",0.82445384,4e-08,,,,
"I2C","start",0.82476312,4.00000001e-08,,,,
"I2C","address",0.82480064,0.00021248,true,0x27,false,
"I2C","data",0.82502564,0.00021248,true,,,0x6D
"I2C","stop",0.82526312,3.99999999e-08,,,,
"I2C","start",0.82618208,4e-08,,,,
"I2C","address",0.82621956,0.00021252,true,0x27,false,
"I2C","data",0.82644456,0.00021248,true,,,0x69
"I2C","stop",0.82668208,3.99999999e-08,,,,
"I2C","start",0.82721192,4e-08,,,,
"I2C","address",0.82724944,0.00021248,true,0x27,false,
"I2C","data",0.82747444,0.00021248,true,,,0xE9
"I2C","stop",0.82771192,3.99999999e-08,,,,
"I2C","start",0.82802652,4e-08,,,,
"I2C","address",0.828064,0.00021252,true,0x27,false,
"I2C","data",0.828289,0.00021252,true,,,0xED
"I2C","stop",0.82852652,4e-08,,,,
"I2C","start",0.82943188,4e-08,,,,
"I2C","address",0.8294694,0.00021248,true,0x27,false,
"I2C","data",0.8296944,0.00021248,true,,,0xE9
"I2C","stop",0.82993192,4e-08,,,,
"I2C","start",1.00849132,4e-08,,,,
"I2C","address",1.00852884,0.00021248,true,0x27,false,
"I2C","data",1.00875384,0.00021248,true,,,0x88
"I2C","stop",1.00899132,4e-08,,,,
"I2C","start",1.00938756,3.99999999e-08,,,,
"I2C","address",1.00942508,0.00021248,true,0x27,false,
"I2C","data",1.00965008,0.00021248,true,,,0x8C
"I2C","stop",1.00988756,4.00000002e-08,,,,
"I2C","start",1.01097016,4e-08,,,,
"I2C","address",1.01100768,0.00021248,true,0x27,false,
"I2C","data",1.01123264,0.00021252,true,,,0x88
"I2C","stop",1.01147016,4e-08,,,,
"I2C","start",1.011985,4e-08,,,,
"I2C","address",1.01202252,0.00021248,true,0x27,false,
"I2C","data",1.01224752,0.00021248,true,,,0x18
"I2C","stop",1.012485,3.99999999e-08,,,,
"I2C","start",1.01281088,3.99999999e-08,,,,
"I2C","address",1.01284836,0.00021248,true,0x27,false,
"I2C","data",1.01307336,0.00021248,true,,,0x1C
"I2C","stop",1.01331088,4e-08,,,,
"I2C","start",1.01418476,4e-08,,,,
"I2C","address",1.01419976,8.5e-05,true,0x27,false,
"I2C","data",1.01428976,8.5e-05,true,,,0x18
"I2C","stop",1.01438476,3.99999999e-08,,,,
"I2C","start",1.01486808,4e-08,,,,
"I2C","address",1.01488308,8.5e-05,true,0x27,false,
"I2C","data",1.01497308,8.5e-05,true,,,0x69
"I2C","stop",1.01506808,4e-08,,,,
"I2C","start",1.01534384,4e-08,,,,
"I2C","address",1.01535884,8.5e-05,true,0x27,false,
"I2C","data",1.01544884,8.5e-05,true,,,0x6D
"I2C","stop",1.01554384,4e-08,,,,
"I2C","start",1.01640748,3.99999999e-08,,,,
"I2C","address",1.01642248,8.5e-05,true,0x27,false,
"I2C","data",1.01651248,8.5e-05,true,,,0x69
"I2C","stop",1.01660748,4e-08,,,,
"I2C","start",1.01707284,4e-08,,,,
"I2C","address",1.01708784,8.5e-05,true,0x27,false,
"I2C","data",1.01717784,8.5e-05,true,,,0x99
"I2C","stop",1.01727284,4e-08,,,,
"I2C","start",1.01754772,4e-08,,,,
"I2C","address",1.01756272,8.5e-05,true,0x27,false,
"I2C","data",1.01765272,8.5e-05,true,,,0x9D
"I2C","stop",1.01774772,3.99999999e-08,,,,
"I2C","start",1.01862448,4e-08,,,,
"I2C","address",1.01863948,8.5e-05,true,0x27,false,
"I2C","data",1.01872948,8.5e-05,true,,,0x99
"I2C","stop",1.01882448,4e-08,,,,
"I2C","start",1.38144924,4.00000001e-08,,,,
"I2C","address",1.38148672,0.00021248,true,0x27,false,
"I2C","data",1.38171172,0.00021248,true,,,0x88
"I2C","stop",1.38194924,4.00000001e-08,,,,
"I2C","start",1.3823064,4.00000001e-08,,,,
"I2C","address",1.38234388,0.00021252,true,0x27,false,
"I2C","data",1.38256888,0.00021252,true,,,0x8C
"I2C","stop",1.3828064,4.00000001e-08,,,,
"I2C","start",1.38373044,4.00000004e-08,,,,
"I2C","address",1.38376792,0.00021252,true,0x27,false,
"I2C","data",1.38399292,0.00021252,true,,,0x88
"I2C","stop",1.38423044,3.99999999e-08,,,,
"I2C","start",1.38475632,3.99999999e-08,,,,
"I2C","address",1.3847938,0.00021252,true,0x27,false,
"I2C","data",1.3850188,0.00021252,true,,,0x28
"I2C","stop",1.38525632,3.99999999e-08,,,,
"I2C","start",1.38557964,4.00000001e-08,,,,
"I2C","address",1.38561712,0.00021252,true,0x27,false,
"I2C","data",1.38584212,0.00021248,true,,,0x2C
"I2C","stop",1.38607964,3.99999999e-08,,,,
"I2C","start",1.3870044,4.00000001e-08,,,,
"I2C","address",1.38704192,0.00021248,true,0x27,false,
"I2C","data",1.38726692,0.00021248,true,,,0x28
"I2C","stop",1.3875044,4.00000001e-08,,,,
"I2C","start",1.38802324,3.99999999e-08,,,,
"I2C","address",1.38806076,0.00021248,true,0x27,false,
"I2C","data",1.38828576,0.00021248,true,,,0x69
"I2C","stop",1.38852324,4.00000001e-08,,,,
"I2C","start",1.3889034,4.00000001e-08,,,,
"I2C","address",1.38894092,0.00021248,true,0x27,false,
"I2C","data",1.38916592,0.00021248,true,,,0x6D
"I2C","stop",1.38940344,3.99999999e-08,,,,
"I2C","start",1.3904428,3.99999999e-08,,,,
"I2C","address",1.39048032,0.00021248,true,0x27,false,
"I2C","data",1.39070532,0.00021248,true,,,0x69
"I2C","stop",1.39094284,4.00000001e-08,,,,
"I2C","start",1.39146432,4.00000001e-08,,,,
"I2C","address",1.39150184,0.00021248,true,0x27,false,
"I2C","data",1.39172684,0.00021248,true,,,0x39
"I2C","stop",1.39196432,3.99999999e-08,,,,
"I2C","start",1.39226736,3.99999999e-08,,,,
"I2C","address",1.39230488,0.00021248,true,0x27,false,
"I2C","data",1.39252988,0.00021248,true,,,0x3D
"I2C","stop",1.39276736,4.00000004e-08,,,,
"I2C","start",1.39365436,3.99999999e-08,,,,
"I2C","address",1.39369188,0.00021248,true,0x27,false,
"I2C","data",1.39391688,0.00021248,true,,,0x39
"I2C","stop",1.39415436,3.99999999e-08,,,,
"I2C","start",1.81329232,3.99999999e-08,,,,
"I2C","address",1.81332984,0.00021248,true,0x27,false,
"I2C","data",1.81355484,0.00021248,true,,,0x88
"I2C","stop",1.81379232,4.00000004e-08,,,,
"I2C","start",1.81415336,3.99999999e-08,,,,
"I2C","address",1.81419088,0.00021248,true,0x27,false,
"I2C","data",1.81441584,0.00021252,true,,,0x8C
"I2C","stop",1.81465336,4.00000001e-08,,,,
"I2C","start",1.81557664,3.99999999e-08,,,,
"I2C","address",1.81561416,0.00021248,true,0x27,false,
"I2C","data",1.81583912,0.00021252,true,,,0x88
"I2C","stop",1.81607664,4.00000001e-08,,,,
"I2C","start",1.81673612,4.00000001e-08,,,,
"I2C","address",1.8167736,0.00021248,true,0x27,false,
"I2C","data",1.8169986,0.00021248,true,,,0x38
"I2C","stop",1.81723612,3.99999999e-08,,,,
"I2C","start",1.81754444,3.99999999e-08,,,,
"I2C","address",1.81758196,0.00021248,true,0x27,false,
"I2C","data",1.81780696,0.00021248,true,,,0x3C
"I2C","stop",1.81804444,4.00000001e-08,,,,
"I2C","start",1.81895788,3.99999999e-08,,,,
"I2C","address",1.8189954,0.00021248,true,0x27,false,
"I2C","data",1.8192204,0.00021248,true,,,0x38
"I2C","stop",1.81945788,3.99999999e-08,,,,
"I2C","start",1.82009204,3.99999999e-08,,,,
"I2C","address",1.82012536,0.00018892,true,0x27,false,
"I2C","data",1.8203254,0.00018892,true,,,0x69
"I2C","stop",1.82053656,4.00000001e-08,,,,
"I2C","start",1.82084312,3.99999999e-08,,,,
"I2C","address",1.82087648,0.00018892,true,0x27,false,
"I2C","data",1.82107652,0.00018892,true,,,0x6D
"I2C","stop",1.82128768,4.00000001e-08,,,,
"I2C","start",1.82220316,3.99999999e-08,,,,
"I2C","address",1.82223652,0.00018892,true,0x27,false,
"I2C","data",1.82243656,0.00018892,true,,,0x69
"I2C","stop",1.82264772,4.00000001e-08,,,,
"I2C","start",1.82315612,4.00000001e-08,,,,
"I2C","address",1.82318944,0.00018892,true,0x27,false,
"I2C","data",1.82338948,0.00018892,true,,,0xB9
"I2C","stop",1.82360064,4.00000001e-08,,,,
"I2C","start",1.82389916,3.99999999e-08,,,,
"I2C","address",1.82393248,0.00018892,true,0x27,false,
"I2C","data",1.82413252,0.00018892,true,,,0xBD
"I2C","stop",1.82434368,3.99999999e-08,,,,
"I2C","start",1.82520704,3.99999999e-08,,,,
"I2C","address",1.8252404,0.00018892,true,0x27,false,
"I2C","data",1.82544044,0.00018888,true,,,0xB9
"I2C","stop",1.82565156,4.00000001e-08,,,,
"I2C","start",2.62353456,3.99999999e-08,,,,
"I2C","address",2.62357208,0.00021248,true,0x27,false,
"I2C","data",2.62379708,0.00021248,true,,,0x88
"I2C","stop",2.62403456,3.99999999e-08,,,,
"I2C","start",2.62439452,3.99999994e-08,,,,
"I2C","address",2.62443204,0.00021248,true,0x27,false,
"I2C","data",2.62465704,0.00021248,true,,,0x8C
"I2C","stop",2.62489452,4.00000004e-08,,,,
"I2C","start",2.62581576,3.99999999e-08,,,,
"I2C","address",2.62585324,0.00021252,true,0x27,false,
"I2C","data",2.62607824,0.00021248,true,,,0x88
"I2C","stop",2.62631576,3.99999994e-08,,,,
"I2C","start",2.62683848,4.00000004e-08,,,,
"I2C","address",2.626876,0.00021248,true,0x27,false,
"I2C","data",2.627101,0.00021248,true,,,0x48
"I2C","stop",2.62733848,3.99999994e-08,,,,
"I2C","start",2.62764196,3.99999999e-08,,,,
"I2C","address",2.62767948,0.00021248,true,0x27,false,
"I2C","data",2.62790448,0.00021248,true,,,0x4C
"I2C","stop",2.62814196,3.99999994e-08,,,,
"I2C","start",2.62905124,4.00000004e-08,,,,
"I2C","address",2.62908876,0.00021248,true,0x27,false,
"I2C","data",2.62931376,0.00021248,true,,,0x48
"I2C","stop",2.62955124,3.99999994e-08,,,,
"I2C","start",2.63014048,3.99999999e-08,,,,
"I2C","address",2.630178,0.00021248,true,0x27,false,
"I2C","data",2.630403,0.00021248,true,,,0x69
"I2C","stop",2.63064048,3.99999999e-08,,,,
"I2C","start",2.63096388,4.00000004e-08,,,,
"I2C","address",2.63100136,0.00021248,true,0x27,false,
"I2C","data",2.63122636,0.00021248,true,,,0x6D
"I2C","stop",2.63146388,3.99999994e-08,,,,
"I2C","start",2.63239148,4.00000004e-08,,,,
"I2C","address",2.632429,0.00021248,true,0x27,false,
"I2C","data",2.632654,0.00021248,true,,,0x69
"I2C","stop",2.63289148,3.99999994e-08,,,,
"I2C","start",2.6334064,3.99999994e-08,,,,
"I2C","address",2.63344388,0.00021252,true,0x27,false,
"I2C","data",2.63366888,0.00021252,true,,,0xF9
"I2C","stop",2.6339064,4.00000004e-08,,,,
"I2C","start",2.63421244,3.99999999e-08,,,,
"I2C","address",2.63424992,0.00021248,true,0x27,false,
"I2C","data",2.63447492,0.00021248,true,,,0xFD
"I2C","stop",2.63471244,4.00000004e-08,,,,
"I2C","start",2.63562212,3.99999999e-08,,,,
"I2C","address",2.63565964,0.00021248,true,0x27,false,
"I2C","data",2.6358846,0.00021252,true,,,0xF9
"I2C","stop",2.63612212,4.00000004e-08,,,,
"I2C","start",2.83329032,3.99999999e-08,,,,
"I2C","address",2.83332364,0.00018892,true,0x27,false,
"I2C","data",2.83352368,0.00018892,true,,,0x88
"I2C","stop",2.83373484,3.99999999e-08,,,,
"I2C","start",2.83406432,4.00000004e-08,,,,
"I2C","address",2.83409764,0.00018892,true,0x27,false,
"I2C","data",2.83429768,0.00018892,true,,,0x8C
"I2C","stop",2.83450884,3.99999999e-08,,,,
"I2C","start",2.83540588,3.99999994e-08,,,,
"I2C","address",2.8354392,0.00018892,true,0x27,false,
"I2C","data",2.83563924,0.00018892,true,,,0x88
"I2C","stop",2.8358504,4.00000004e-08,,,,
"I2C","start",2.83634292,3.99999999e-08,,,,
"I2C","address",2.83637628,0.00018892,true,0x27,false,
"I2C","data",2.83657632,0.00018892,true,,,0x58
"I2C","stop",2.83678748,4.00000004e-08,,,,
"I2C","start",2.83707024,3.99999999e-08,,,,
"I2C","address",2.8371036,0.00018892,true,0x27,false,
"I2C","data",2.83730364,0.00018892,true,,,0x5C
"I2C","stop",2.8375148,3.99999999e-08,,,,
"I2C","start",2.838402,3.99999999e-08,,,,
"I2C","address",2.83843536,0.00018892,true,0x27,false,
"I2C","data",2.8386354,0.00018892,true,,,0x58
"I2C","stop",2.83884656,4.00000004e-08,,,,
"I2C","start",2.83934284,3.99999994e-08,,,,
"I2C","address",2.8393762,0.00018892,true,0x27,false,
"I2C","data",2.83957624,0.00018892,true,,,0x69
"I2C","stop",2.8397874,3.99999994e-08,,,,
"I2C","start",2.84007896,3.99999999e-08,,,,
"I2C","address",2.84011228,0.00018892,true,0x27,false,
"I2C","data",2.84031232,0.00018892,true,,,0x6D
"I2C","stop",2.84052348,4.00000004e-08,,,,
"I2C","start",2.8414108,4.00000004e-08,,,,
"I2C","address",2.84144416,0.00018892,true,0x27,false,
"I2C","data",2.8416442,0.00018892,true,,,0x69
"I2C","stop",2.84185536,3.99999999e-08,,,,
"I2C","start",2.84233172,4.00000004e-08,,,,
"I2C","address",2.84236508,0.00018892,true,0x27,false,
"I2C","data",2.84256512,0.00018888,true,,,0xC9
"I2C","stop",2.84277624,3.99999999e-08,,,,
"I2C","start",2.84306632,3.99999994e-08,,,,
"I2C","address",2.84309968,0.00018888,true,0x27,false,
"I2C","data",2.84329972,0.00018888,true,,,0xCD
"I2C","stop",2.84351084,4.00000004e-08,,,,
"I2C","start",2.84440568,4.00000004e-08,,,,
"I2C","address",2.84443904,0.00018892,true,0x27,false,
"I2C","data",2.84463908,0.00018892,true,,,0xC9
"I2C","stop",2.84485024,4.00000004e-08,,,,
"I2C","start",3.63962564,3.99999999e-08,,,,
"I2C","address",3.63966316,0.00021248,true,0x27,false,
"I2C","data",3.63988816,0.00021248,true,,,0x88
"I2C","stop",3.64012564,4.00000004e-08,,,,
"I2C","start",3.64050988,3.99999999e-08,,,,
"I2C","address",3.6405474,0.00021248,true,0x27,false,
"I2C","data",3.6407724,0.00021248,true,,,0x8C
"I2C","stop",3.64100988,3.99999999e-08,,,,
"I2C","start",3.64192996,3.99999999e-08,,,,
"I2C","address",3.64196748,0.00021248,true,0x27,false,
"I2C","data",3.64219248,0.00021248,true,,,0x88
"I2C","stop",3.64242996,3.99999999e-08,,,,
"I2C","start",3.64295612,4.00000004e-08,,,,
"I2C","address",3.64299364,0.00021248,true,0x27,false,
"I2C","data",3.64321864,0.00021248,true,,,0x68
"I2C","stop",3.64345612,3.99999994e-08,,,,
"I2C","start",3.64376272,4.00000004e-08,,,,
"I2C","address",3.64380024,0.00021248,true,0x27,false,
"I2C","data",3.64402524,0.00021248,true,,,0x6C
"I2C","stop",3.64426276,3.99999999e-08,,,,
"I2C","start",3.64519424,4.00000004e-08,,,,
"I2C","address",3.64523176,0.00021248,true,0x27,false,
"I2C","data",3.64545676,0.00021248,true,,,0x68
"I2C","stop",3.64569424,3.99999994e-08,,,,
"I2C","start",3.64635328,3.99999999e-08,,,,
"I2C","address",3.6463908,0.00021248,true,0x27,false,
"I2C","data",3.6466158,0.00021248,true,,,0x69
"I2C","stop",3.64685328,3.99999999e-08,,,,
"I2C","start",3.64717664,3.99999999e-08,,,,
"I2C","address",3.64721412,0.00021252,true,0x27,false,
"I2C","data",3.64743912,0.00021248,true,,,0x6D
"I2C","stop",3.64767664,4.00000004e-08,,,,
"I2C","start",3.6486078,3.99999999e-08,,,,
"I2C","address",3.64864532,0.00021248,true,0x27,false,
"I2C","data",3.64887032,0.00021248,true,,,0x69
"I2C","stop",3.6491078,4.00000004e-08,,,,
"I2C","start",3.64962044,3.99999999e-08,,,,
"I2C","address",3.6496538,0.00018888,true,0x27,false,
"I2C","data",3.64985384,0.00018888,true,,,0x19
"I2C","stop",3.65006496,4.00000004e-08,,,,
"I2C","start",3.65036172,4.00000004e-08,,,,
"I2C","address",3.65039508,0.00018892,true,0x27,false,
"I2C","data",3.65059512,0.00018888,true,,,0x1D
"I2C","stop",3.65080624,3.99999999e-08,,,,
"I2C","start",3.65169288,3.99999999e-08,,,,
"I2C","address",3.65172624,0.00018892,true,0x27,false,
"I2C","data",3.65192628,0.00018888,true,,,0x19
"I2C","stop",3.6521374,3.99999999e-08,,,,
"I2C","start",3.91570588,4.00000004e-08,,,,
"I2C","address",3.9157434,0.00021248,true,0x27,false,
"I2C","data",3.9159684,0.00021248,true,,,0x88
"I2C","stop",3.91620588,3.99999999e-08,,,,
"I2C","start",3.91655952,4.00000004e-08,,,,
"I2C","address",3.916597,0.00021252,true,0x27,false,
"I2C","data",3.916822,0.00021248,true,,,0x8C
"I2C","stop",3.91705952,4.00000004e-08,,,,
"I2C","start",3.91797632,3.99999999e-08,,,,
"I2C","address",3.9180138,0.00021248,true,0x27,false,
"I2C","data",3.9182388,0.00021248,true,,,0x88
"I2C","stop",3.91847632,4.00000004e-08,,,,
"I2C","start",3.91906696,4.00000004e-08,,,,
"I2C","address",3.91910448,0.00021248,true,0x27,false,
"I2C","data",3.91932948,0.00021248,true,,,0x78
"I2C","stop",3.919567,3.99999999e-08,,,,
"I2C","start",3.91987028,3.99999999e-08,,,,
"I2C","address",3.9199078,0.00021248,true,0x27,false,
"I2C","data",3.9201328,0.00021248,true,,,0x7C
"I2C","stop",3.92037028,3.99999999e-08,,,,
"I2C","start",3.92128156,3.99999994e-08,,,,
"I2C","address",3.92131904,0.00021252,true,0x27,false,
"I2C","data",3.92154404,0.00021248,true,,,0x78
"I2C","stop",3.92178156,4.00000004e-08,,,,
"I2C","start",3.92230036,4.00000004e-08,,,,
"I2C","address",3.92233788,0.00021248,true,0x27,false,
"I2C","data",3.92256288,0.00021248,true,,,0x79
"I2C","stop",3.92280036,3.99999999e-08,,,,
"I2C","start",3.92312024,4.00000004e-08,,,,
"I2C","address",3.92315776,0.00021248,true,0x27,false,
"I2C","data",3.92338276,0.00021248,true,,,0x7D
"I2C","stop",3.92362024,3.99999999e-08,,,,
"I2C","start",3.9245284,4.00000004e-08,,,,
"I2C","address",3.92456592,0.00021248,true,0x27,false,
"I2C","data",3.92479092,0.00021248,true,,,0x79
"I2C","stop",3.9250284,3.99999999e-08,,,,
"I2C","start",3.92553588,4.00000004e-08,,,,
"I2C","address",3.9255734,0.00021248,true,0x27,false,
"I2C","data",3.9257984,0.00021248,true,,,0x39
"I2C","stop",3.92603588,3.99999994e-08,,,,
"I2C","start",3.92634304,4.00000004e-08,,,,
"I2C","address",3.92638056,0.00021248,true,0x27,false,
"I2C","data",3.92660556,0.00021248,true,,,0x3D
"I2C","stop",3.92684304,3.99999994e-08,,,,
"I2C","start",3.92773892,4.00000004e-08,,,,
"I2C","address",3.9277764,0.00021252,true,0x27,false,
"I2C","data",3.9280014,0.00021248,true,,,0x39
"I2C","stop",3.92823892,3.99999994e-08,,,,
"I2C","start",7.47990084,3.99999999e-08,,,,
"I2C","address",7.4799342,0.00018892,true,0x27,false,
"I2C","data",7.48013424,0.00018892,true,,,0x08
"I2C","stop",7.4803454,3.99999999e-08,,,,
"I2C","start",7.48067984,4.00000008e-08,,,,
"I2C","address",7.4807132,0.00018892,true,0x27,false,
"I2C","data",7.48091324,0.00018888,true,,,0x0C
"I2C","stop",7.48112436,3.99999999e-08,,,,
"I2C","start",7.4820218,3.9999999e-08,,,,
"I2C","address",7.48205516,0.00018892,true,0x27,false,
"I2C","data",7.4822552,0.00018892,true,,,0x08
"I2C","stop",7.48246636,3.99999999e-08,,,,
"I2C","start",7.48301596,3.99999999e-08,,,,
"I2C","address",7.48304932,0.00018888,true,0x27,false,
"I2C","data",7.48324936,0.00018888,true,,,0x18
"I2C","stop",7.48346048,4.00000008e-08,,,,
"I2C","start",7.48374508,3.9999999e-08,,,,
"I2C","address",7.48377844,0.00018892,true,0x27,false,
"I2C","data",7.48397848,0.00018892,true,,,0x1C
"I2C","stop",7.4841896,4.00000008e-08,,,,
"I2C","start",7.48509208,3.99999999e-08,,,,
"I2C","address",7.48512544,0.00018892,true,0x27,false,
"I2C","data",7.48532548,0.00018888,true,,,0x18
"I2C","stop",7.4855366,4.00000008e-08,,,,
"I2C","start",7.4860284,3.99999999e-08,,,,
"I2C","address",7.48606176,0.00018892,true,0x27,false,
"I2C","data",7.4862618,0.00018888,true,,,0x08
"I2C","stop",7.48647292,3.99999999e-08,,,,
"I2C","start",7.48681104,3.9999999e-08,,,,
"I2C","address",7.48684436,0.00018892,true,0x27,false,
"I2C","data",7.4870444,0.00018892,true,,,0x0C
"I2C","stop",7.48725556,3.99999999e-08,,,,
"I2C","start",7.48812692,3.99999999e-08,,,,
"I2C","address",7.48816024,0.00018892,true,0x27,false,
"I2C","data",7.48836028,0.00018892,true,,,0x08
"I2C","stop",7.48857144,3.9999999e-08,,,,
"I2C","start",7.4891136,4.00000008e-08,,,,
"I2C","address",7.48914696,0.00018892,true,0x27,false,
"I2C","data",7.489347,0.00018892,true,,,0x28
"I2C","stop",7.48955812,3.99999999e-08,,,,
"I2C","start",7.4898484,4.00000008e-08,,,,
"I2C","address",7.48988176,0.00018892,true,0x27,false,
"I2C","data",7.4900818,0.00018892,true,,,0x2C
"I2C","stop",7.49029296,4.00000008e-08,,,,
"I2C","start",7.49119624,3.9999999e-08,,,,
"I2C","address",7.49122956,0.00018892,true,0x27,false,
"I2C","data",7.4914296,0.00018892,true,,,0x28
"I2C","stop",7.49164076,3.99999999e-08,,,,
"I2C","start",7.492125,3.99999999e-08,,,,
"I2C","address",7.49215836,0.00018892,true,0x27,false,
"I2C","data",7.4923584,0.00018888,true,,,0x88
"I2C","stop",7.49256952,3.99999999e-08,,,,
"I2C","start",7.49293876,3.99999999e-08,,,,
"I2C","address",7.49297212,0.00018892,true,0x27,false,
"I2C","data",7.49317216,0.00018892,true,,,0x8C
"I2C","stop",7.49338332,3.9999999e-08,,,,
"I2C","start",7.49443932,4.00000008e-08,,,,
"I2C","address",7.49447264,0.00018892,true,0x27,false,
"I2C","data",7.49467268,0.00018892,true,,,0x88
"I2C","stop",7.49488384,3.9999999e-08,,,,
"I2C","start",7.49552348,3.99999999e-08,,,,
"I2C","address",7.49555684,0.00018892,true,0x27,false,
"I2C","data",7.49575688,0.00018888,true,,,0x08
"I2C","stop",7.495968,3.9999999e-08,,,,
"I2C","start",7.49628144,4.00000008e-08,,,,
"I2C","address",7.49631476,0.00018892,true,0x27,false,
"I2C","data",7.4965148,0.00018892,true,,,0x0C
"I2C","stop",7.49672596,3.99999999e-08,,,,
"I2C","start",7.49773748,4.00000008e-08,,,,
"I2C","address",7.49777084,0.00018892,true,0x27,false,
"I2C","data",7.49797088,0.00018892,true,,,0x08
"I2C","stop",7.49818204,4.00000008e-08,,,,
"I2C","start",7.49875892,3.99999999e-08,,,,
"I2C","address",7.49879228,0.00018892,true,0x27,false,
"I2C","data",7.49899232,0.00018892,true,,,0x69
"I2C","stop",7.49920348,3.99999999e-08,,,,
"I2C","start",7.49951928,3.99999999e-08,,,,
"I2C","address",7.49955264,0.00018892,true,0x27,false,
"I2C","data",7.49975268,0.00018892,true,,,0x6D
"I2C","stop",7.49996384,3.99999999e-08,,,,
"I2C","start",7.50110048,3.99999999e-08,,,,
"I2C","address",7.50113384,0.00018892,true,0x27,false,
"I2C","data",7.50133388,0.00018892,true,,,0x69
"I2C","stop",7.50154504,3.99999999e-08,,,,
"I2C","start",7.5022684,3.99999999e-08,,,,
"I2C","address",7.50230176,0.00018892,true,0x27,false,
"I2C","data",7.5025018,0.00018892,true,,,0xE9
"I2C","stop",7.50271296,3.99999999e-08,,,,
"I2C","start",7.50320492,3.99999999e-08,,,,
"I2C","address",7.50323828,0.00018892,true,0x27,false,
"I2C","data",7.50343832,0.00018892,true,,,0xED
"I2C","stop",7.50364948,3.99999999e-08,,,,
"I2C","start",7.50475844,3.99999999e-08,,,,
"I2C","address",7.50479176,0.00018892,true,0x27,false,
"I2C","data",7.5049918,0.00018892,true,,,0xE9
"I2C","stop",7.50520296,3.9999999e-08,,,,
"I2C","start",7.50587796,3.9999999e-08,,,,
"I2C","address",7.50591132,0.00018892,true,0x27,false,
"I2C","data",7.50611136,0.00018888,true,,,0x69
"I2C","stop",7.50632248,4.00000008e-08,,,,
"I2C","start",7.50664468,3.9999999e-08,,,,
"I2C","address",7.506678,0.00018892,true,0x27,false,
"I2C","data",7.50687804,0.00018892,true,,,0x6D
"I2C","stop",7.5070892,3.99999999e-08,,,,
"I2C","start",7.50799716,3.9999999e-08,,,,
"I2C","address",7.50803052,0.00018892,true,0x27,false,
"I2C","data",7.50823056,0.00018892,true,,,0x69
"I2C","stop",7.50844168,4.00000008e-08,,,,
"I2C","start",7.50890468,4.00000008e-08,,,,
"I2C","address",7.50893804,0.00018892,true,0x27,false,
"I2C","data",7.50913808,0.00018892,true,,,0x99
"I2C","stop",7.50934924,4.00000008e-08,,,,
"I2C","start",7.5096168,3.99999999e-08,,,,
"I2C","address",7.50965016,0.00018892,true,0x27,false,
"I2C","data",7.5098502,0.00018892,true,,,0x9D
"I2C","stop",7.51006136,3.99999999e-08,,,,
"I2C","start",7.5109116,3.9999999e-08,,,,
"I2C","address",7.51094496,0.00018892,true,0x27,false,
"I2C","data",7.511145,0.00018892,true,,,0x99
"I2C","stop",7.51135616,3.99999999e-08,,,,
"I2C","start",7.51181176,4.00000008e-08,,,,
"I2C","address",7.51184512,0.00018892,true,0x27,false,
"I2C","data",7.51204516,0.00018892,true,,,0x69
"I2C","stop",7.51225632,4.00000008e-08,,,,
"I2C","start",7.5126436,4.00000008e-08,,,,
"I2C","address",7.51267696,0.00018892,true,0x27,false,
"I2C","data",7.512877,0.00018888,true,,,0x6D
"I2C","stop",7.51308812,3.9999999e-08,,,,
"I2C","start",7.51407464,4.00000008e-08,,,,
"I2C","address",7.514108,0.00018892,true,0x27,false,
"I2C","data",7.51430804,0.00018892,true,,,0x69
"I2C","stop",7.5145192,4.00000008e-08,,,,
"I2C","start",7.51524512,3.99999999e-08,,,,
"I2C","address",7.51527848,0.00018888,true,0x27,false,
"I2C","data",7.51547852,0.00018888,true,,,0x39
"I2C","stop",7.51568964,4.00000008e-08,,,,
"I2C","start",7.5159964,3.99999999e-08,,,,
"I2C","address",7.51602976,0.00018892,true,0x27,false,
"I2C","data",7.5162298,0.00018892,true,,,0x3D
"I2C","stop",7.51644096,4.00000008e-08,,,,
"I2C","start",7.51732804,4.00000008e-08,,,,
"I2C","address",7.5173614,0.00018888,true,0x27,false,
"I2C","data",7.5175614,0.00018892,true,,,0x39
"I2C","stop",7.51777256,3.99999999e-08,,,,
"I2C","start",7.51833488,3.99999999e-08,,,,
"I2C","address",7.51836824,0.00018892,true,0x27,false,
"I2C","data",7.51856828,0.00018892,true,,,0x69
"I2C","stop",7.51877944,3.99999999e-08,,,,
"I2C","start",7.5190576,3.99999999e-08,,,,
"I2C","address",7.5190726,8.5e-05,true,0x27,false,
"I2C","data",7.5191626,8.5e-05,true,,,0x6D
"I2C","stop",7.5192576,3.9999999e-08,,,,
"I2C","start",7.52016528,4.00000008e-08,,,,
"I2C","address",7.52018028,8.5e-05,true,0x27,false,
"I2C","data",7.52027028,8.5e-05,true,,,0x69
"I2C","stop",7.52036528,3.99999999e-08,,,,
"I2C","start",7.52102572,3.99999999e-08,,,,
"I2C","address",7.52104072,8.496e-05,true,0x27,false,
"I2C","data",7.52113072,8.496e-05,true,,,0xB9
"I2C","stop",7.52122572,3.99999999e-08,,,,
"I2C","start",7.52149828,3.9999999e-08,,,,
"I2C","address",7.52151332,8.496e-05,true,0x27,false,
"I2C","data",7.52160332,8.496e-05,true,,,0xBD
"I2C","stop",7.52169832,4.00000008e-08,,,,
"I2C","start",7.52266936,3.99999999e-08,,,,
"I2C","address",7.52268436,8.5e-05,true,0x27,false,
"I2C","data",7.52277436,8.5e-05,true,,,0xB9
"I2C","stop",7.52286936,4.00000008e-08,,,,
"I2C","start",7.52333384,3.99999999e-08,,,,
"I2C","address",7.52334884,8.5e-05,true,0x27,false,
"I2C","data",7.52343884,8.5e-05,true,,,0x69
"I2C","stop",7.52353384,3.99999999e-08,,,,
"I2C","start",7.52379748,3.9999999e-08,,,,
"I2C","address",7.52381252,8.496e-05,true,0x27,false,
"I2C","data",7.52390252,8.496e-05,true,,,0x6D
"I2C","stop",7.52399752,3.99999999e-08,,,,
"I2C","start",7.52486568,3.99999999e-08,,,,
"I2C","address",7.52488068,8.5e-05,true,0x27,false,
"I2C","data",7.52497068,8.5e-05,true,,,0x69
"I2C","stop",7.52506568,3.99999999e-08,,,,
"I2C","start",7.52553488,3.99999999e-08,,,,
"I2C","address",7.52554988,8.5e-05,true,0x27,false,
"I2C","data",7.52563988,8.5e-05,true,,,0xF9
"I2C","stop",7.52573488,3.99999999e-08,,,,
"I2C","start",7.52599796,4.00000008e-08,,,,
"I2C","address",7.52601296,8.5e-05,true,0x27,false,
"I2C","data",7.52610296,8.5e-05,true,,,0xFD
"I2C","stop",7.52619796,3.99999999e-08,,,,
"I2C","start",7.52724804,3.99999999e-08,,,,
"I2C","address",7.52726304,8.5e-05,true,0x27,false,
"I2C","data",7.52735304,8.5e-05,true,,,0xF9
"I2C","stop",7.52744804,3.99999999e-08,,,,
"I2C","start",7.5280086,3.99999999e-08,,,,
"I2C","address",7.5280236,8.5e-05,true,0x27,false,
"I2C","data",7.5281136,8.5e-05,true,,,0x69
"I2C","stop",7.5282086,3.99999999e-08,,,,
"I2C","start",7.52849692,3.99999999e-08,,,,
"I2C","address",7.52851196,8.496e-05,true,0x27,false,
"I2C","data",7.52860196,8.496e-05,true,,,0x6D
"I2C","stop",7.52869696,3.99999999e-08,,,,
"I2C","start",7.52997272,3.99999999e-08,,,,
"I2C","address",7.53000608,0.00018888,true,0x27,false,
"I2C","data",7.53020612,0.00018888,true,,,0x69
"I2C","stop",7.53041724,3.9999999e-08,,,,
"I2C","start",7.53111196,4.00000008e-08,,,,
"I2C","address",7.53114532,0.00018892,true,0x27,false,
"I2C","data",7.53134536,0.00018892,true,,,0xC9
"I2C","stop",7.53155652,3.99999999e-08,,,,
"I2C","start",7.53187432,3.99999999e-08,,,,
"I2C","address",7.53190768,0.00018892,true,0x27,false,
"I2C","data",7.53210772,0.00018888,true,,,0xCD
"I2C","stop",7.53231884,3.99999999e-08,,,,
"I2C","start",7.53329436,3.99999999e-08,,,,
"I2C","address",7.53332768,0.00018892,true,0x27,false,
"I2C","data",7.53352772,0.00018892,true,,,0xC9
"I2C","stop",7.53373888,3.99999999e-08,,,,
"I2C","start",7.53427528,3.99999999e-08,,,,
"I2C","address",7.53430864,0.00018892,true,0x27,false,
"I2C","data",7.53450868,0.00018892,true,,,0x69
"I2C","stop",7.53471984,3.99999999e-08,,,,
"I2C","start",7.53500844,3.99999999e-08,,,,
"I2C","address",7.5350418,0.00018892,true,0x27,false,
"I2C","data",7.53524184,0.00018892,true,,,0x6D
"I2C","stop",7.535453,3.99999999e-08,,,,
"I2C","start",7.53630592,3.99999999e-08,,,,
"I2C","address",7.53633928,0.00018892,true,0x27,false,
"I2C","data",7.53653932,0.00018888,true,,,0x69
"I2C","stop",7.53675044,4.00000008e-08,,,,
"I2C","start",7.53720036,3.99999999e-08,,,,
"I2C","address",7.53723372,0.00018892,true,0x27,false,
"I2C","data",7.53743376,0.00018888,true,,,0x19
"I2C","stop",7.53764488,3.99999999e-08,,,,
"I2C","start",7.53790736,3.99999999e-08,,,,
"I2C","address",7.53794072,0.00018892,true,0x27,false,
"I2C","data",7.53814076,0.00018888,true,,,0x1D
"I2C","stop",7.53835188,4.00000008e-08,,,,
"I2C","start",7.5391908,3.99999999e-08,,,,
"I2C","address",7.53922416,0.00018892,true,0x27,false,
"I2C","data",7.5394242,0.00018892,true,,,0x19
"I2C","stop",7.53963536,3.99999999e-08,,,,
"I2C","start",7.76010916,3.99999999e-08,,,,
"I2C","address",7.76014668,0.00021248,true,0x27,false,
"I2C","data",7.76037168,0.00021248,true,,,0x08
"I2C","stop",7.76060916,3.99999999e-08,,,,
"I2C","start",7.76095216,3.99999999e-08,,,,
"I2C","address",7.76098968,0.00021248,true,0x27,false,
"I2C","data",7.76121468,0.00021248,true,,,0x0C
"I2C","stop",7.76145216,3.99999999e-08,,,,
"I2C","start",7.76237752,3.99999999e-08,,,,
"I2C","address",7.762415,0.00021248,true,0x27,false,
"I2C","data",7.76264,0.00021248,true,,,0x08
"I2C","stop",7.76287752,3.99999999e-08,,,,
"I2C","start",7.76340188,3.9999999e-08,,,,
"I2C","address",7.7634394,0.00021248,true,0x27,false,
"I2C","data",7.7636644,0.00021248,true,,,0x18
"I2C","stop",7.76390188,4.00000008e-08,,,,
"I2C","start",7.76420644,4.00000008e-08,,,,
"I2C","address",7.76424396,0.00021248,true,0x27,false,
"I2C","data",7.76446896,0.00021248,true,,,0x1C
"I2C","stop",7.76470644,3.99999999e-08,,,,
"I2C","start",7.76563012,3.99999999e-08,,,,
"I2C","address",7.76566764,0.00021248,true,0x27,false,
"I2C","data",7.76589264,0.00021248,true,,,0x18
"I2C","stop",7.76613012,4.00000008e-08,,,,
"I2C","start",7.766653,3.9999999e-08,,,,
"I2C","address",7.76669048,0.00021252,true,0x27,false,
"I2C","data",7.76691548,0.00021248,true,,,0x08
"I2C","stop",7.767153,3.99999999e-08,,,,
"I2C","start",7.76745944,4.00000008e-08,,,,
"I2C","address",7.76749696,0.00021248,true,0x27,false,
"I2C","data",7.76772192,0.00021252,true,,,0x0C
"I2C","stop",7.76795944,3.99999999e-08,,,,
"I2C","start",7.76885724,3.99999999e-08,,,,
"I2C","address",7.76889476,0.00021248,true,0x27,false,
"I2C","data",7.76911976,0.00021248,true,,,0x08
"I2C","stop",7.76935724,4.00000008e-08,,,,
"I2C","start",7.7698656,3.99999999e-08,,,,
"I2C","address",7.76990312,0.00021248,true,0x27,false,
"I2C","data",7.77012808,0.00021252,true,,,0x28
"I2C","stop",7.7703656,3.99999999e-08,,,,
"I2C","start",7.77068032,3.99999999e-08,,,,
"I2C","address",7.77071784,0.00021248,true,0x27,false,
"I2C","data",7.77094284,0.00021248,true,,,0x2C
"I2C","stop",7.77118032,3.9999999e-08,,,,
"I2C","start",7.77209384,3.99999999e-08,,,,
"I2C","address",7.77213136,0.00021248,true,0x27,false,
"I2C","data",7.77235636,0.00021248,true,,,0x28
"I2C","stop",7.77259388,4.00000008e-08,,,,
"I2C","start",7.77310224,3.99999999e-08,,,,
"I2C","address",7.77313976,0.00021248,true,0x27,false,
"I2C","data",7.77336472,0.00021252,true,,,0x88
"I2C","stop",7.77360224,3.99999999e-08,,,,
"I2C","start",7.77389424,4.00000008e-08,,,,
"I2C","address",7.77393176,0.00021248,true,0x27,false,
"I2C","data",7.77415676,0.00021248,true,,,0x8C
"I2C","stop",7.77439424,3.99999999e-08,,,,
"I2C","start",7.77529684,3.99999999e-08,,,,
"I2C","address",7.77533436,0.00021248,true,0x27,false,
"I2C","data",7.77555936,0.00021248,true,,,0x88
"I2C","stop",7.77579684,3.99999999e-08,,,,
"I2C","start",7.7763494,3.99999999e-08,,,,
"I2C","address",7.77638688,0.00021248,true,0x27,false,
"I2C","data",7.77661188,0.00021248,true,,,0x08
"I2C","stop",7.7768494,3.99999999e-08,,,,
"I2C","start",7.77805624,4.00000008e-08,,,,
"I2C","address",7.77809372,0.00021248,true,0x27,false,
"I2C","data",7.77831872,0.00021248,true,,,0x0C
"I2C","stop",7.77855624,3.99999999e-08,,,,
"I2C","start",7.779603,3.99999999e-08,,,,
"I2C","address",7.77964052,0.00021248,true,0x27,false,
"I2C","data",7.77986552,0.00021248,true,,,0x08
"I2C","stop",7.780103,3.99999999e-08,,,,
"I2C","start",7.78064312,4.00000008e-08,,,,
"I2C","address",7.78068064,0.00021248,true,0x27,false,
"I2C","data",7.78090564,0.00021248,true,,,0x69
"I2C","stop",7.78114312,3.9999999e-08,,,,
"I2C","start",7.78144212,3.99999999e-08,,,,
"I2C","address",7.78147964,0.00021248,true,0x27,false,
"I2C","data",7.78170464,0.00021248,true,,,0x6D
"I2C","stop",7.78194216,3.99999999e-08,,,,
"I2C","start",7.78283536,3.99999999e-08,,,,
"I2C","address",7.78287288,0.00021248,true,0x27,false,
"I2C","data",7.78309784,0.00021252,true,,,0x69
"I2C","stop",7.78333536,3.99999999e-08,,,,
"I2C","start",7.783822,3.99999999e-08,,,,
"I2C","address",7.78385952,0.00021248,true,0x27,false,
"I2C","data",7.78408452,0.00021248,true,,,0xE9
"I2C","stop",7.784322,3.99999999e-08,,,,
"I2C","start",7.7846084,3.99999999e-08,,,,
"I2C","address",7.78464592,0.00021248,true,0x27,false,
"I2C","data",7.78487092,0.00021248,true,,,0xED
"I2C","stop",7.7851084,3.99999999e-08,,,,
"I2C","start",7.7859806,3.99999999e-08,,,,
"I2C","address",7.78601812,0.00021248,true,0x27,false,
"I2C","data",7.78624312,0.00021248,true,,,0xE9
"I2C","stop",7.7864806,3.99999999e-08,,,,
"I2C","start",7.78717052,3.99999999e-08,,,,
"I2C","address",7.787208,0.00021252,true,0x27,false,
"I2C","data",7.787433,0.00021252,true,,,0x69
"I2C","stop",7.78767052,3.99999999e-08,,,,
"I2C","start",7.78855168,3.99999999e-08,,,,
"I2C","address",7.7885892,0.00021248,true,0x27,false,
"I2C","data",7.7888142,0.00021248,true,,,0x6D
"I2C","stop",7.78905168,3.9999999e-08,,,,
"I2C","start",7.78999704,3.99999999e-08,,,,
"I2C","address",7.79003452,0.00021252,true,0x27,false,
"I2C","data",7.79025952,0.00021248,true,,,0x69
"I2C","stop",7.79049704,3.99999999e-08,,,,
"I2C","start",7.79108004,4.00000008e-08,,,,
"I2C","address",7.79111756,0.00021248,true,0x27,false,
"I2C","data",7.79134256,0.000163,true,,,0x99
"I2C","stop",7.7915156,3.9999999e-08,,,,
"I2C","start",7.7921268,3.99999999e-08,,,,
"I2C","address",7.7921418,8.5e-05,true,0x27,false,
"I2C","data",7.7922318,8.5e-05,true,,,0x9D
"I2C","stop",7.7923268,4.00000008e-08,,,,
"I2C","start",7.7934118,3.9999999e-08,,,,
"I2C","address",7.79342684,8.496e-05,true,0x27,false,
"I2C","data",7.79351684,8.496e-05,true,,,0x99
"I2C","stop",7.79361184,4.00000008e-08,,,,
"I2C","start",7.79421196,3.9999999e-08,,,,
"I2C","address",7.79422696,8.5e-05,true,0x27,false,
"I2C","data",7.79431696,8.5e-05,true,,,0x69
"I2C","stop",7.79441196,4.00000008e-08,,,,
"I2C","start",7.79476996,3.99999999e-08,,,,
"I2C","address",7.79478496,8.5e-05,true,0x27,false,
"I2C","data",7.79487496,8.5e-05,true,,,0x6D
"I2C","stop",7.79496996,3.99999999e-08,,,,
"I2C","start",7.79600084,4.00000008e-08,,,,
"I2C","address",7.79603084,0.00017,true,0x27,false,
"I2C","data",7.79621084,0.00016996,true,,,0x69
"I2C","stop",7.79640084,3.99999999e-08,,,,
"I2C","start",7.79700896,3.99999999e-08,,,,
"I2C","address",7.79703896,0.00017,true,0x27,false,
"I2C","data",7.79721896,0.00017,true,,,0x39
"I2C","stop",7.79740896,3.9999999e-08,,,,
"I2C","start",7.79772928,3.99999999e-08,,,,
"I2C","address",7.79775928,0.00016996,true,0x27,false,
"I2C","data",7.79793928,0.00016996,true,,,0x3D
"I2C","stop",7.79812928,3.99999999e-08,,,,
"I2C","start",7.7990968,3.99999999e-08,,,,
"I2C","address",7.7991268,0.00016996,true,0x27,false,
"I2C","data",7.7993068,0.00016996,true,,,0x39
"I2C","stop",7.7994968,3.99999999e-08,,,,
"I2C","start",7.79999268,3.9999999e-08,,,,
"I2C","address",7.80002272,0.00016996,true,0x27,false,
"I2C","data",7.80020272,0.00016996,true,,,0x69
"I2C","stop",7.80039272,4.00000008e-08,,,,
"I2C","start",7.80220424,3.99999999e-08,,,,
"I2C","address",7.80223424,0.00017,true,0x27,false,
"I2C","data",7.80241424,0.00016996,true,,,0x6D
"I2C","stop",7.80260424,3.99999999e-08,,,,
"I2C","start",7.8043028,3.99999999e-08,,,,
"I2C","address",7.8043328,0.00017,true,0x27,false,
"I2C","data",7.8045128,0.00017,true,,,0x69
"I2C","stop",7.8047028,3.99999999e-08,,,,
"I2C","start",7.80518076,3.9999999e-08,,,,
"I2C","address",7.80521076,0.00017,true,0x27,false,
"I2C","data",7.80539076,0.00016996,true,,,0xB9
"I2C","stop",7.80558076,4.00000008e-08,,,,
"I2C","start",7.80583864,3.99999999e-08,,,,
"I2C","address",7.80586864,0.00016996,true,0x27,false,
"I2C","data",7.80604864,0.00016996,true,,,0xBD
"I2C","stop",7.80623864,3.9999999e-08,,,,
"I2C","start",7.80707984,3.99999999e-08,,,,
"I2C","address",7.80710984,0.00017,true,0x27,false,
"I2C","data",7.80728984,0.00017,true,,,0xB9
"I2C","stop",7.80747984,3.99999999e-08,,,,
"I2C","start",7.80792808,3.99999999e-08,,,,
"I2C","address",7.80795808,0.00017,true,0x27,false,
"I2C","data",7.80813808,0.00017,true,,,0x69
"I2C","stop",7.80832808,3.9999999e-08,,,,
"I2C","start",7.80859688,3.99999999e-08,,,,
"I2C","address",7.80862688,0.00017,true,0x27,false,
"I2C","data",7.80880688,0.00017,true,,,0x6D
"I2C","stop",7.80899688,4.00000008e-08,,,,
"I2C","start",7.80991384,3.99999999e-08,,,,
"I2C","address",7.80994384,0.00017,true,0x27,false,
"I2C","data",7.81012384,0.00017,true,,,0x69
"I2C","stop",7.81031384,3.99999999e-08,,,,
"I2C","start",7.81104504,4.00000008e-08,,,,
"I2C","address",7.81107504,0.00017,true,0x27,false,
"I2C","data",7.81125504,0.00017,true,,,0xF9
"I2C","stop",7.81144504,4.00000008e-08,,,,
"I2C","start",7.8119074,3.99999999e-08,,,,
"I2C","address",7.8119374,0.00017,true,0x27,false,
"I2C","data",7.8121174,0.00016996,true,,,0xFD
"I2C","stop",7.8123074,3.99999999e-08,,,,
"I2C","start",7.81324144,4.00000008e-08,,,,
"I2C","address",7.81327144,0.0001478,true,0x27,false,
"I2C","data",7.81342428,8.496e-05,true,,,0xF9
"I2C","stop",7.81351928,3.99999999e-08,,,,
"I2C","start",7.8142406,3.99999999e-08,,,,
"I2C","address",7.8142556,8.496e-05,true,0x27,false,
"I2C","data",7.8143456,8.496e-05,true,,,0x69
"I2C","stop",7.8144406,3.99999999e-08,,,,
"I2C","start",7.8147222,3.99999999e-08,,,,
"I2C","address",7.81473724,8.496e-05,true,0x27,false,
"I2C","data",7.81482724,8.496e-05,true,,,0x6D
"I2C","stop",7.81492224,3.99999999e-08,,,,
"I2C","start",7.81593308,4.00000008e-08,,,,
"I2C","address",7.81594812,8.496e-05,true,0x27,false,
"I2C","data",7.81603812,8.496e-05,true,,,0x69
"I2C","stop",7.81613312,3.99999999e-08,,,,
"I2C","start",7.81667676,3.99999999e-08,,,,
"I2C","address",7.81669176,8.5e-05,true,0x27,false,
"I2C","data",7.81678176,8.5e-05,true,,,0xC9
"I2C","stop",7.81687676,3.99999999e-08,,,,
"I2C","start",7.81720556,4.00000008e-08,,,,
"I2C","address",7.81722056,8.5e-05,true,0x27,false,
"I2C","data",7.81731056,8.5e-05,true,,,0xCD
"I2C","stop",7.81740556,3.99999999e-08,,,,
"I2C","start",7.81835356,3.99999999e-08,,,,
"I2C","address",7.81836856,8.5e-05,true,0x27,false,
"I2C","data",7.81845856,8.5e-05,true,,,0xC9
"I2C","stop",7.81855356,4.00000008e-08,,,,
"I2C","start",7.98553488,3.99999999e-08,,,,
"I2C","address",7.9855622,0.00015468,true,0x27,false,
"I2C","data",7.985726,0.00015472,true,,,0x08
"I2C","stop",7.98589892,3.99999999e-08,,,,
"I2C","start",7.98620136,3.99999999e-08,,,,
"I2C","address",7.98622868,0.00015472,true,0x27,false,
"I2C","data",7.98639248,0.00015472,true,,,0x0C
"I2C","stop",7.98656544,4.00000008e-08,,,,
"I2C","start",7.9874268,4.00000008e-08,,,,
"I2C","address",7.98745412,0.00015472,true,0x27,false,
"I2C","data",7.98761796,0.00015472,true,,,0x08
"I2C","stop",7.98779088,3.99999999e-08,,,,
"I2C","start",7.98824348,3.99999999e-08,,,,
"I2C","address",7.9882708,0.00015472,true,0x27,false,
"I2C","data",7.98843464,0.00015472,true,,,0x18
"I2C","stop",7.98860756,3.99999999e-08,,,,
"I2C","start",7.98887136,3.99999999e-08,,,,
"I2C","address",7.98889868,0.00015472,true,0x27,false,
"I2C","data",7.98906252,0.00015468,true,,,0x1C
"I2C","stop",7.98923544,3.99999999e-08,,,,
"I2C","start",7.99009132,3.99999999e-08,,,,
"I2C","address",7.99011864,0.00015472,true,0x27,false,
"I2C","data",7.99028244,0.00015472,true,,,0x18
"I2C","stop",7.9904554,3.99999999e-08,,,,
"I2C","start",7.99096008,4.00000008e-08,,,,
"I2C","address",7.9909874,0.00015472,true,0x27,false,
"I2C","data",7.99115124,0.00015468,true,,,0x08
"I2C","stop",7.99132416,4.00000008e-08,,,,
"I2C","start",7.991581,3.99999999e-08,,,,
"I2C","address",7.99160832,0.00015472,true,0x27,false,
"I2C","data",7.99177216,0.00015468,true,,,0x0C
"I2C","stop",7.99194508,3.99999999e-08,,,,
"I2C","start",7.99280732,3.99999999e-08,,,,
"I2C","address",7.99283464,0.00015472,true,0x27,false,
"I2C","data",7.99299848,0.00015472,true,,,0x08
"I2C","stop",7.9931714,4.00000008e-08,,,,
"I2C","start",7.99361724,3.99999999e-08,,,,
"I2C","address",7.99364456,0.00015472,true,0x27,false,
"I2C","data",7.9938084,0.00015472,true,,,0x28
"I2C","stop",7.99398132,4.00000008e-08,,,,
"I2C","start",7.99423032,4.00000008e-08,,,,
"I2C","address",7.99425764,0.00015472,true,0x27,false,
"I2C","data",7.99442148,0.00015468,true,,,0x2C
"I2C","stop",7.9945944,3.9999999e-08,,,,
"I2C","start",7.99542344,4.00000008e-08,,,,
"I2C","address",7.99545076,0.00015472,true,0x27,false,
"I2C","data",7.99561456,0.00015472,true,,,0x28
"I2C","stop",7.99578752,3.9999999e-08,,,,
"I2C","start",7.99626996,3.99999999e-08,,,,
"I2C","address",7.99629728,0.00015472,true,0x27,false,
"I2C","data",7.99646112,0.00015468,true,,,0x88
"I2C","stop",7.99663404,3.99999999e-08,,,,
"I2C","start",7.99690304,3.99999999e-08,,,,
"I2C","address",7.99693036,0.00015472,true,0x27,false,
"I2C","data",7.9970942,0.00015472,true,,,0x8C
"I2C","stop",7.99726712,3.9999999e-08,,,,
"I2C","start",7.99818344,3.99999999e-08,,,,
"I2C","address",7.99821076,0.00015468,true,0x27,false,
"I2C","data",7.99837456,0.00015472,true,,,0x88
"I2C","stop",7.99854748,3.99999999e-08,,,,
"I2C","start",7.99905944,3.99999999e-08,,,,
"I2C","address",7.99908676,0.00015472,true,0x27,false,
"I2C","data",7.9992506,0.00015468,true,,,0x08
"I2C","stop",7.99942352,4.00000008e-08,,,,
"I2C","start",7.99971116,3.9999999e-08,,,,
"I2C","address",7.99973848,0.00015472,true,0x27,false,
"I2C","data",7.99990232,0.00015468,true,,,0x0C
"I2C","stop",8.00007524,4.00000017e-08,,,,
"I2C","start",8.00103208,3.99999999e-08,,,,
"I2C","address",8.0010594,0.00015472,true,0x27,false,
"I2C","data",8.00122324,0.00015468,true,,,0x08
"I2C","stop",8.00139616,3.99999999e-08,,,,
"I2C","start",8.0021428,3.99999999e-08,,,,
"I2C","address",8.00217012,0.00015472,true,0x27,false,
"I2C","data",8.00233396,0.00015472,true,,,0x69
"I2C","stop",8.00250688,3.99999999e-08,,,,
"I2C","start",8.00286504,3.99999999e-08,,,,
"I2C","address",8.00289236,0.00015468,true,0x27,false,
"I2C","data",8.00305616,0.00015472,true,,,0x6D
"I2C","stop",8.00322908,3.9999999e-08,,,,
"I2C","start",8.00421692,4.00000017e-08,,,,
"I2C","address",8.00425024,0.00018892,true,0x27,false,
"I2C","data",8.00445028,0.00018892,true,,,0x69
"I2C","stop",8.00466144,3.99999999e-08,,,,
"I2C","start",8.0051254,3.99999999e-08,,,,
"I2C","address",8.00515876,0.00018892,true,0x27,false,
"I2C","data",8.0053588,0.00018892,true,,,0xE9
"I2C","stop",8.00556996,3.99999999e-08,,,,
"I2C","start",8.00583912,4.00000008e-08,,,,
"I2C","address",8.00587244,0.00018892,true,0x27,false,
"I2C","data",8.00607248,0.00018892,true,,,0xED
"I2C","stop",8.00628364,3.99999999e-08,,,,
"I2C","start",8.00717372,3.99999999e-08,,,,
"I2C","address",8.00720708,0.00018888,true,0x27,false,
"I2C","data",8.00740712,0.00018888,true,,,0xE9
"I2C","stop",8.00761824,4.00000008e-08,,,,
"I2C","start",8.0080746,3.9999999e-08,,,,
"I2C","address",8.00810796,0.00018892,true,0x27,false,
"I2C","data",8.008308,0.00018892,true,,,0x69
"I2C","stop",8.00851916,3.99999999e-08,,,,
"I2C","start",8.008786,3.9999999e-08,,,,
"I2C","address",8.00881932,0.00018892,true,0x27,false,
"I2C","data",8.00901936,0.00018892,true,,,0x6D
"I2C","stop",8.00923052,4.00000017e-08,,,,
"I2C","start",8.01016912,3.99999999e-08,,,,
"I2C","address",8.01020248,0.00018892,true,0x27,false,
"I2C","data",8.01040252,0.00018892,true,,,0x69
"I2C","stop",8.01061368,3.99999999e-08,,,,
"I2C","start",8.01110524,4.00000017e-08,,,,
"I2C","address",8.0111386,0.00018892,true,0x27,false,
"I2C","data",8.01133864,0.00018892,true,,,0x99
"I2C","stop",8.0115498,4.00000017e-08,,,,
"I2C","start",8.0118566,3.99999999e-08,,,,
"I2C","address",8.01188996,0.00018888,true,0x27,false,
"I2C","data",8.01208996,0.00018892,true,,,0x9D
"I2C","stop",8.01230112,3.99999999e-08,,,,
"I2C","start",8.01320324,4.00000017e-08,,,,
"I2C","address",8.0132366,0.00018892,true,0x27,false,
"I2C","data",8.01343664,0.00018892,true,,,0x99
"I2C","stop",8.0136478,4.00000008e-08,,,,
"I2C","start",8.01414784,3.99999999e-08,,,,
"I2C","address",8.0141812,0.00018892,true,0x27,false,
"I2C","data",8.01438124,0.00018892,true,,,0x69
"I2C","stop",8.01459236,3.99999999e-08,,,,
"I2C","start",8.01505344,3.99999999e-08,,,,
"I2C","address",8.01508676,0.00018892,true,0x27,false,
"I2C","data",8.0152868,0.00018892,true,,,0x6D
"I2C","stop",8.01549796,3.9999999e-08,,,,
"I2C","start",8.016432,3.99999999e-08,,,,
"I2C","address",8.01646532,0.00018892,true,0x27,false,
"I2C","data",8.01666536,0.00018892,true,,,0x69
"I2C","stop",8.01687652,3.9999999e-08,,,,
"I2C","start",8.01744996,3.9999999e-08,,,,
"I2C","address",8.01748332,0.00018892,true,0x27,false,
"I2C","data",8.01768336,0.00018892,true,,,0x39
"I2C","stop",8.01789452,3.99999999e-08,,,,
"I2C","start",8.01829124,3.99999999e-08,,,,
"I2C","address",8.0183246,0.00018892,true,0x27,false,
"I2C","data",8.01852464,0.00018892,true,,,0x3D
"I2C","stop",8.0187358,3.9999999e-08,,,,
"I2C","start",8.01963208,4.00000017e-08,,,,
"I2C","address",8.01966544,0.00018888,true,0x27,false,
"I2C","data",8.01986544,0.00018892,true,,,0x39
"I2C","stop",8.0200766,3.99999999e-08,,,,
"I2C","start",8.02065616,3.99999999e-08,,,,
"I2C","address",8.02068952,0.00018892,true,0x27,false,
"I2C","data",8.02088956,0.00018888,true,,,0x69
"I2C","stop",8.02110068,3.99999999e-08,,,,
"I2C","start",8.0213958,3.99999999e-08,,,,
"I2C","address",8.02142916,0.00018892,true,0x27,false,
"I2C","data",8.0216292,0.00018892,true,,,0x6D
"I2C","stop",8.02184032,3.9999999e-08,,,,
"I2C","start",8.02293528,3.99999999e-08,,,,
"I2C","address",8.02296864,0.00018892,true,0x27,false,
"I2C","data",8.02316868,0.00018892,true,,,0x69
"I2C","stop",8.02337984,3.99999999e-08,,,,
"I2C","start",8.02387576,4.00000017e-08,,,,
"I2C","address",8.02390908,0.00018892,true,0x27,false,
"I2C","data",8.02410912,0.00018892,true,,,0xB9
"I2C","stop",8.02432028,3.9999999e-08,,,,
"I2C","start",8.02475092,3.99999999e-08,,,,
"I2C","address",8.02478424,0.00018892,true,0x27,false,
"I2C","data",8.02498428,0.00018892,true,,,0xBD
"I2C","stop",8.02519544,4.00000008e-08,,,,
"I2C","start",8.0260986,4.00000017e-08,,,,
"I2C","address",8.02613196,0.00018892,true,0x27,false,
"I2C","data",8.026332,0.00018892,true,,,0xB9
"I2C","stop",8.02654312,3.99999999e-08,,,,
"I2C","start",8.02719696,3.99999999e-08,,,,
"I2C","address",8.02723032,0.00018892,true,0x27,false,
"I2C","data",8.02743036,0.00018892,true,,,0x69
"I2C","stop",8.02764152,3.99999999e-08,,,,
"I2C","start",8.02793428,3.99999999e-08,,,,
"I2C","address",8.02796764,0.00018892,true,0x27,false,
"I2C","data",8.02816768,0.00018892,true,,,0x6D
"I2C","stop",8.02837884,3.99999999e-08,,,,
"I2C","start",8.02933696,3.9999999e-08,,,,
"I2C","address",8.02937032,0.00018892,true,0x27,false,
"I2C","data",8.02957036,0.00018892,true,,,0x69
"I2C","stop",8.02978152,3.99999999e-08,,,,
"I2C","start",8.03026244,3.99999999e-08,,,,
"I2C","address",8.03029576,0.00018892,true,0x27,false,
"I2C","data",8.0304958,0.00018892,true,,,0xF9
"I2C","stop",8.03070696,3.99999999e-08,,,,
"I2C","start",8.0310688,3.99999999e-08,,,,
"I2C","address",8.03110216,0.00018892,true,0x27,false,
"I2C","data",8.0313022,0.00018892,true,,,0xFD
"I2C","stop",8.03151336,3.99999999e-08,,,,
"I2C","start",8.03245744,3.99999999e-08,,,,
"I2C","address",8.03249076,0.00018892,true,0x27,false,
"I2C","data",8.0326908,0.00018892,true,,,0xF9
"I2C","stop",8.03290196,3.99999999e-08,,,,
"I2C","start",8.60594624,4.00000008e-08,,,,
"I2C","address",8.60597956,0.00018892,true,0x27,false,
"I2C","data",8.6061796,0.00018892,true,,,0x08
"I2C","stop",8.60639076,3.9999999e-08,,,,
"I2C","start",8.6067178,3.9999999e-08,,,,
"I2C","address",8.60675112,0.00018892,true,0x27,false,
"I2C","data",8.60695116,0.00018892,true,,,0x0C
"I2C","stop",8.60716232,3.9999999e-08,,,,
"I2C","start",8.60805864,3.9999999e-08,,,,
"I2C","address",8.60809196,0.00018892,true,0x27,false,
"I2C","data",8.608292,0.00018892,true,,,0x08
"I2C","stop",8.60850316,3.9999999e-08,,,,
"I2C","start",8.60899136,4.00000008e-08,,,,
"I2C","address",8.60902472,0.00018892,true,0x27,false,
"I2C","data",8.60922476,0.00018888,true,,,0x18
"I2C","stop",8.60943588,4.00000008e-08,,,,
"I2C","start",8.60972492,3.9999999e-08,,,,
"I2C","address",8.60975824,0.00018892,true,0x27,false,
"I2C","data",8.60995828,0.00018892,true,,,0x1C
"I2C","stop",8.61016944,4.00000008e-08,,,,
"I2C","start",8.61106716,4.00000026e-08,,,,
"I2C","address",8.61110048,0.00018892,true,0x27,false,
"I2C","data",8.61130052,0.00018892,true,,,0x18
"I2C","stop",8.61151168,3.9999999e-08,,,,
"I2C","start",8.61201396,4.00000008e-08,,,,
"I2C","address",8.61204732,0.00018888,true,0x27,false,
"I2C","data",8.61224732,0.00018892,true,,,0x08
"I2C","stop",8.61245848,3.9999999e-08,,,,
"I2C","start",8.61274636,4.00000008e-08,,,,
"I2C","address",8.61277972,0.00018888,true,0x27,false,
"I2C","data",8.61297972,0.00018892,true,,,0x0C
"I2C","stop",8.61319088,3.9999999e-08,,,,
"I2C","start",8.6140618,4.00000008e-08,,,,
"I2C","address",8.61409516,0.00018892,true,0x27,false,
"I2C","data",8.6142952,0.00018892,true,,,0x08
"I2C","stop",8.61450636,4.00000008e-08,,,,
"I2C","start",8.61503832,4.00000008e-08,,,,
"I2C","address",8.61507168,0.00018892,true,0x27,false,
"I2C","data",8.61527172,0.00018892,true,,,0x28
"I2C","stop",8.61548288,4.00000008e-08,,,,
"I2C","start",8.6159278,4.00000008e-08,,,,
"I2C","address",8.61596112,0.00018892,true,0x27,false,
"I2C","data",8.61616116,0.00018892,true,,,0x2C
"I2C","stop",8.61637232,3.9999999e-08,,,,
"I2C","start",8.61729272,4.00000008e-08,,,,
"I2C","address",8.61732608,0.00018892,true,0x27,false,
"I2C","data",8.61752612,0.00018892,true,,,0x28
"I2C","stop",8.61773728,4.00000008e-08,,,,
"I2C","start",8.61840604,4.00000008e-08,,,,
"I2C","address",8.6184394,0.00018892,true,0x27,false,
"I2C","data",8.61863944,0.00018892,true,,,0x88
"I2C","stop",8.61885056,3.9999999e-08,,,,
"I2C","start",8.61917,4.00000008e-08,,,,
"I2C","address",8.61920332,0.00018892,true,0x27,false,
"I2C","data",8.61940336,0.00018892,true,,,0x8C
"I2C","stop",8.61961452,3.9999999e-08,,,,
"I2C","start",8.62057364,3.9999999e-08,,,,
"I2C","address",8.62060696,0.00018892,true,0x27,false,
"I2C","data",8.620807,0.00018892,true,,,0x88
"I2C","stop",8.62101816,4.00000008e-08,,,,
"I2C","start",8.6215082,4.00000026e-08,,,,
"I2C","address",8.62154152,0.00018892,true,0x27,false,
"I2C","data",8.62174156,0.00018892,true,,,0x08
"I2C","stop",8.62195272,4.00000008e-08,,,,
"I2C","start",8.62226256,4.00000008e-08,,,,
"I2C","address",8.62229588,0.00018892,true,0x27,false,
"I2C","data",8.62249592,0.00018892,true,,,0x0C
"I2C","stop",8.62270708,3.9999999e-08,,,,
"I2C","start",8.62361428,4.00000008e-08,,,,
"I2C","address",8.6236476,0.00018892,true,0x27,false,
"I2C","data",8.62384764,0.00018892,true,,,0x08
"I2C","stop",8.6240588,3.9999999e-08,,,,
"I2C","start",8.62462988,3.9999999e-08,,,,
"I2C","address",8.62466324,0.00018888,true,0x27,false,
"I2C","data",8.62486324,0.00018892,true,,,0x69
"I2C","stop",8.6250744,3.9999999e-08,,,,
"I2C","start",8.62555016,4.00000008e-08,,,,
"I2C","address",8.6255802,0.00016996,true,0x27,false,
"I2C","data",8.6257602,0.00016996,true,,,0x6D
"I2C","stop",8.62595016,3.9999999e-08,,,,
"I2C","start",8.62686092,3.9999999e-08,,,,
"I2C","address",8.62689092,0.00017,true,0x27,false,
"I2C","data",8.62707092,0.00017,true,,,0x69
"I2C","stop",8.62726092,4.00000008e-08,,,,
"I2C","start",8.62770412,4.00000008e-08,,,,
"I2C","address",8.62773412,0.00017,true,0x27,false,
"I2C","data",8.62791412,0.00016996,true,,,0xE9
"I2C","stop",8.62810412,3.9999999e-08,,,,
"I2C","start",8.62835888,4.00000008e-08,,,,
"I2C","address",8.62838888,0.00016996,true,0x27,false,
"I2C","data",8.62856888,0.00016996,true,,,0xED
"I2C","stop",8.62875888,3.9999999e-08,,,,
"I2C","start",8.6295896,4.00000008e-08,,,,
"I2C","address",8.6296196,0.00017,true,0x27,false,
"I2C","data",8.6297996,0.00017,true,,,0xE9
"I2C","stop",8.6299896,3.9999999e-08,,,,
"I2C","start",8.63042548,3.9999999e-08,,,,
"I2C","address",8.63045548,0.00017,true,0x27,false,
"I2C","data",8.63063548,0.00017,true,,,0x69
"I2C","stop",8.63082548,4.00000008e-08,,,,
"I2C","start",8.63108264,4.00000008e-08,,,,
"I2C","address",8.63111264,0.00017,true,0x27,false,
"I2C","data",8.63129264,0.00017,true,,,0x6D
"I2C","stop",8.63148264,3.9999999e-08,,,,
"I2C","start",8.6323112,3.9999999e-08,,,,
"I2C","address",8.6323412,0.00017,true,0x27,false,
"I2C","data",8.6325212,0.00017,true,,,0x69
"I2C","stop",8.6327112,4.00000008e-08,,,,
"I2C","start",8.63314204,4.00000026e-08,,,,
"I2C","address",8.63317204,0.00017,true,0x27,false,
"I2C","data",8.63335204,0.00017,true,,,0x99
"I2C","stop",8.63354204,3.9999999e-08,,,,
"I2C","start",8.63379452,4.00000008e-08,,,,
"I2C","address",8.63382456,0.00016996,true,0x27,false,
"I2C","data",8.63400452,0.00017,true,,,0x9D
"I2C","stop",8.63419452,4.00000008e-08,,,,
"I2C","start",8.63502408,3.9999999e-08,,,,
"I2C","address",8.63505412,0.00016996,true,0x27,false,
"I2C","data",8.63523412,0.00016996,true,,,0x99
"I2C","stop",8.63542408,3.9999999e-08,,,,
"I2C","start",8.63585792,4.00000008e-08,,,,
"I2C","address",8.63588792,0.00017,true,0x27,false,
"I2C","data",8.63606792,0.00017,true,,,0x69
"I2C","stop",8.63625792,4.00000008e-08,,,,
"I2C","start",8.63658648,3.9999999e-08,,,,
"I2C","address",8.63661648,0.00017,true,0x27,false,
"I2C","data",8.63679648,0.00017,true,,,0x6D
"I2C","stop",8.63698648,4.00000008e-08,,,,
"I2C","start",8.63787004,4.00000008e-08,,,,
"I2C","address",8.63790004,0.00017,true,0x27,false,
"I2C","data",8.63808004,0.00017,true,,,0x69
"I2C","stop",8.63827004,4.00000008e-08,,,,
"I2C","start",8.63881772,3.9999999e-08,,,,
"I2C","address",8.63884772,0.00017,true,0x27,false,
"I2C","data",8.63902772,0.00017,true,,,0x39
"I2C","stop",8.63921772,4.00000008e-08,,,,
"I2C","start",8.639498,3.9999999e-08,,,,
"I2C","address",8.639528,0.00017,true,0x27,false,
"I2C","data",8.639708,0.00017,true,,,0x3D
"I2C","stop",8.639898,3.9999999e-08,,,,
"I2C","start",8.6409792,4.00000008e-08,,,,
"I2C","address",8.64100924,0.00016996,true,0x27,false,
"I2C","data",8.64118924,0.00016996,true,,,0x39
"I2C","stop",8.6413792,3.9999999e-08,,,,
"I2C","start",8.64186948,3.9999999e-08,,,,
"I2C","address",8.64189948,0.00017,true,0x27,false,
"I2C","data",8.64207948,0.00017,true,,,0x69
"I2C","stop",8.64226948,4.00000008e-08,,,,
"I2C","start",8.64260148,4.00000008e-08,,,,
"I2C","address",8.64263148,0.00017,true,0x27,false,
"I2C","data",8.64281148,0.00017,true,,,0x6D
"I2C","stop",8.64300148,3.9999999e-08,,,,
"I2C","start",8.64391348,4.00000008e-08,,,,
"I2C","address",8.64394348,0.00017,true,0x27,false,
"I2C","data",8.64412348,0.00017,true,,,0x69
"I2C","stop",8.64431348,4.00000026e-08,,,,
"I2C","start",8.6447852,3.9999999e-08,,,,
"I2C","address",8.64481524,0.00016996,true,0x27,false,
"I2C","data",8.64499524,0.00016996,true,,,0xB9
"I2C","stop",8.6451852,4.00000008e-08,,,,
"I2C","start",8.64551928,3.9999999e-08,,,,
"I2C","address",8.64554928,0.00017,true,0x27,false,
"I2C","data",8.64572928,0.00017,true,,,0xBD
"I2C","stop",8.64591928,4.00000008e-08,,,,
"I2C","start",8.64679732,4.00000008e-08,,,,
"I2C","address",8.64682736,0.00016996,true,0x27,false,
"I2C","data",8.64700736,0.00016996,true,,,0xB9
"I2C","stop",8.64719736,3.9999999e-08,,,,
"I2C","start",8.92424576,3.9999999e-08,,,,
"I2C","address",8.92428328,0.00021248,true,0x27,false,
"I2C","data",8.92450828,0.00021248,true,,,0x08
"I2C","stop",8.92474576,4.00000008e-08,,,,
"I2C","start",8.92509876,4.00000008e-08,,,,
"I2C","address",8.92513628,0.00021248,true,0x27,false,
"I2C","data",8.92536128,0.00021248,true,,,0x0C
"I2C","stop",8.92559876,4.00000008e-08,,,,
"I2C","start",8.9265714,3.9999999e-08,,,,
"I2C","address",8.92660892,0.00021248,true,0x27,false,
"I2C","data",8.92683392,0.00021248,true,,,0x08
"I2C","stop",8.9270714,4.00000008e-08,,,,
"I2C","start",8.92758904,3.9999999e-08,,,,
"I2C","address",8.92762652,0.00021252,true,0x27,false,
"I2C","data",8.92785152,0.00021248,true,,,0x18
"I2C","stop",8.92808904,4.00000008e-08,,,,
"I2C","start",8.92839664,3.9999999e-08,,,,
"I2C","address",8.92843412,0.00021252,true,0x27,false,
"I2C","data",8.92865912,0.00021252,true,,,0x1C
"I2C","stop",8.92889664,4.00000008e-08,,,,
"I2C","start",8.92982264,4.00000008e-08,,,,
"I2C","address",8.92986016,0.00021248,true,0x27,false,
"I2C","data",8.93008516,0.00021248,true,,,0x18
"I2C","stop",8.93032268,4.00000008e-08,,,,
"I2C","start",8.9308488,3.9999999e-08,,,,
"I2C","address",8.93088632,0.00021248,true,0x27,false,
"I2C","data",8.93111128,0.00021252,true,,,0x08
"I2C","stop",8.9313488,4.00000008e-08,,,,
"I2C","start",8.93166228,4.00000008e-08,,,,
"I2C","address",8.93169976,0.00021248,true,0x27,false,
"I2C","data",8.93192476,0.00021248,true,,,0x0C
"I2C","stop",8.93216228,3.9999999e-08,,,,
"I2C","start",8.93305752,3.9999999e-08,,,,
"I2C","address",8.933095,0.00021252,true,0x27,false,
"I2C","data",8.93332,0.00021248,true,,,0x08
"I2C","stop",8.93355752,4.00000008e-08,,,,
"I2C","start",8.93407624,3.9999999e-08,,,,
"I2C","address",8.93411376,0.00021248,true,0x27,false,
"I2C","data",8.93433876,0.00021248,true,,,0x28
"I2C","stop",8.93457624,3.9999999e-08,,,,
"I2C","start",8.93489108,4.00000008e-08,,,,
"I2C","address",8.93492856,0.00021252,true,0x27,false,
"I2C","data",8.93515356,0.00021248,true,,,0x2C
"I2C","stop",8.93539108,3.9999999e-08,,,,
"I2C","start",8.93628476,4.00000008e-08,,,,
"I2C","address",8.93632228,0.00021248,true,0x27,false,
"I2C","data",8.93654728,0.00021248,true,,,0x28
"I2C","stop",8.93678476,3.9999999e-08,,,,
"I2C","start",8.93736344,3.9999999e-08,,,,
"I2C","address",8.93740096,0.00021248,true,0x27,false,
"I2C","data",8.93762596,0.00021248,true,,,0x88
"I2C","stop",8.93786348,4.00000008e-08,,,,
"I2C","start",8.93815992,4.00000008e-08,,,,
"I2C","address",8.9381974,0.00021248,true,0x27,false,
"I2C","data",8.9384224,0.00021248,true,,,0x8C
"I2C","stop",8.93865992,4.00000008e-08,,,,
"I2C","start",8.93980324,4.00000008e-08,,,,
"I2C","address",8.93984076,0.00021248,true,0x27,false,
"I2C","data",8.94006576,0.00021248,true,,,0x88
"I2C","stop",8.94030324,3.9999999e-08,,,,
"I2C","start",8.94092692,4.00000008e-08,,,,
"I2C","address",8.94096444,0.00021248,true,0x27,false,
"I2C","data",8.94118944,0.00021248,true,,,0x08
"I2C","stop",8.94142692,3.9999999e-08,,,,
"I2C","start",8.94174896,3.9999999e-08,,,,
"I2C","address",8.94178648,0.00021248,true,0x27,false,
"I2C","data",8.94201148,0.00018488,true,,,0x0C
"I2C","stop",8.94221636,3.9999999e-08,,,,
"I2C","start",8.94334272,3.9999999e-08,,,,
"I2C","address",8.94337276,0.00016996,true,0x27,false,
"I2C","data",8.94355276,0.00016996,true,,,0x08
"I2C","stop",8.94374272,3.9999999e-08,,,,
"I2C","start",8.94426352,3.9999999e-08,,,,
"I2C","address",8.94429356,0.00016996,true,0x27,false,
"I2C","data",8.94447356,0.00016996,true,,,0x69
"I2C","stop",8.94466356,3.9999999e-08,,,,
"I2C","start",8.94494572,3.9999999e-08,,,,
"I2C","address",8.94497572,0.00017,true,0x27,false,
"I2C","data",8.94515572,0.00017,true,,,0x6D
"I2C","stop",8.94534572,3.9999999e-08,,,,
"I2C","start",8.94637536,4.00000008e-08,,,,
"I2C","address",8.9464054,0.00016996,true,0x27,false,
"I2C","data",8.9465854,0.00016996,true,,,0x69
"I2C","stop",8.9467754,3.9999999e-08,,,,
"I2C","start",8.94724964,4.00000008e-08,,,,
"I2C","address",8.94727964,0.00017,true,0x27,false,
"I2C","data",8.94745964,0.00016996,true,,,0xE9
"I2C","stop",8.94764964,4.00000008e-08,,,,
"I2C","start",8.94798688,3.9999999e-08,,,,
"I2C","address",8.94801688,0.00017,true,0x27,false,
"I2C","data",8.94819688,0.00017,true,,,0xED
"I2C","stop",8.94838688,4.00000008e-08,,,,
"I2C","start",8.94929656,3.9999999e-08,,,,
"I2C","address",8.9493266,0.00016996,true,0x27,false,
"I2C","data",8.9495066,0.00016996,true,,,0xE9
"I2C","stop",8.9496966,4.00000008e-08,,,,
"I2C","start",8.95028308,3.9999999e-08,,,,
"I2C","address",8.95031308,0.00017,true,0x27,false,
"I2C","data",8.95049308,0.00017,true,,,0x69
"I2C","stop",8.95068308,4.00000026e-08,,,,
"I2C","start",8.95107524,3.9999999e-08,,,,
"I2C","address",8.95110524,0.00017,true,0x27,false,
"I2C","data",8.95128524,0.00017,true,,,0x6D
"I2C","stop",8.95147524,4.00000008e-08,,,,
"I2C","start",8.95252264,4.00000008e-08,,,,
"I2C","address",8.95255268,0.00016996,true,0x27,false,
"I2C","data",8.95273268,0.00016996,true,,,0x69
"I2C","stop",8.95292268,4.00000008e-08,,,,
"I2C","start",8.9534008,3.9999999e-08,,,,
"I2C","address",8.9534308,0.00017,true,0x27,false,
"I2C","data",8.9536108,0.00017,true,,,0x99
"I2C","stop",8.9538008,4.00000008e-08,,,,
"I2C","start",8.95406232,3.9999999e-08,,,,
"I2C","address",8.95409232,0.00017,true,0x27,false,
"I2C","data",8.95427232,0.00017,true,,,0x9D
"I2C","stop",8.95446232,4.00000026e-08,,,,
"I2C","start",8.9553464,3.9999999e-08,,,,
"I2C","address",8.9553764,0.00017,true,0x27,false,
"I2C","data",8.9555564,0.00017,true,,,0x99
"I2C","stop",8.9557464,4.00000008e-08,,,,
"I2C","start",8.95618464,4.00000008e-08,,,,
"I2C","address",8.95621468,0.00016996,true,0x27,false,
"I2C","data",8.95639468,0.00016996,true,,,0x69
"I2C","stop",8.95658468,4.00000008e-08,,,,
"I2C","start",8.95683828,3.9999999e-08,,,,
"I2C","address",8.95686828,0.00017,true,0x27,false,
"I2C","data",8.95704828,0.00016996,true,,,0x6D
"I2C","stop",8.95723828,4.00000008e-08,,,,
"I2C","start",8.95806752,3.9999999e-08,,,,
"I2C","address",8.95809752,0.00017,true,0x27,false,
"I2C","data",8.95827752,0.00017,true,,,0x69
"I2C","stop",8.95846752,4.00000026e-08,,,,
"I2C","start",8.95894452,4.00000026e-08,,,,
"I2C","address",8.95897452,0.00017,true,0x27,false,
"I2C","data",8.95915452,0.00017,true,,,0x39
"I2C","stop",8.95934452,3.9999999e-08,,,,
"I2C","start",8.95967536,3.9999999e-08,,,,
"I2C","address",8.95970536,0.00017,true,0x27,false,
"I2C","data",8.95988536,0.00017,true,,,0x3D
"I2C","stop",8.96007536,4.00000008e-08,,,,
"I2C","start",8.96099172,4.00000008e-08,,,,
"I2C","address",8.96102172,0.00017,true,0x27,false,
"I2C","data",8.96120172,0.00017,true,,,0x39
"I2C","stop",8.96139172,4.00000008e-08,,,,
"I2C","start",9.18819232,4.00000008e-08,,,,
"I2C","address",9.18822984,0.00021248,true,0x27,false,
"I2C","data",9.18845484,0.00021248,true,,,0x08
"I2C","stop",9.18869232,3.9999999e-08,,,,
"I2C","start",9.18904556,3.9999999e-08,,,,
"I2C","address",9.18908308,0.00021248,true,0x27,false,
"I2C","data",9.18930808,0.00021248,true,,,0x0C
"I2C","stop",9.18954556,4.00000026e-08,,,,
"I2C","start",9.19047704,4.00000008e-08,,,,
"I2C","address",9.19051456,0.00021248,true,0x27,false,
"I2C","data",9.19073956,0.00021248,true,,,0x08
"I2C","stop",9.19097704,4.00000008e-08,,,,
"I2C","start",9.191498,4.00000008e-08,,,,
"I2C","address",9.19153552,0.00021248,true,0x27,false,
"I2C","data",9.19176052,0.00021248,true,,,0x18
"I2C","stop",9.191998,4.00000008e-08,,,,
"I2C","start",9.19230376,4.00000008e-08,,,,
"I2C","address",9.19234128,0.00021248,true,0x27,false,
"I2C","data",9.19256628,0.00021248,true,,,0x1C
"I2C","stop",9.19280376,3.9999999e-08,,,,
"I2C","start",9.19372836,4.00000008e-08,,,,
"I2C","address",9.19376588,0.00021248,true,0x27,false,
"I2C","data",9.19399088,0.00021248,true,,,0x18
"I2C","stop",9.19422836,3.9999999e-08,,,,
"I2C","start",9.1947422,3.9999999e-08,,,,
"I2C","address",9.19477968,0.00021252,true,0x27,false,
"I2C","data",9.19500468,0.00021248,true,,,0x08
"I2C","stop",9.1952422,4.00000026e-08,,,,
"I2C","start",9.19555392,3.9999999e-08,,,,
"I2C","address",9.19559144,0.00021248,true,0x27,false,
"I2C","data",9.19581644,0.00021248,true,,,0x0C
"I2C","stop",9.19605396,3.9999999e-08,,,,
"I2C","start",9.19696632,3.9999999e-08,,,,
"I2C","address",9.19700384,0.00021248,true,0x27,false,
"I2C","data",9.19722884,0.00021248,true,,,0x08
"I2C","stop",9.19746636,3.9999999e-08,,,,
"I2C","start",9.19797924,3.9999999e-08,,,,
"I2C","address",9.19801672,0.00021252,true,0x27,false,
"I2C","data",9.19824172,0.00021252,true,,,0x28
"I2C","stop",9.19847924,4.00000026e-08,,,,
"I2C","start",9.19882024,4.00000008e-08,,,,
"I2C","address",9.19885776,0.00021248,true,0x27,false,
"I2C","data",9.19908276,0.00021248,true,,,0x2C
"I2C","stop",9.19932024,3.9999999e-08,,,,
"I2C","start",9.20034164,4.00000008e-08,,,,
"I2C","address",9.20037916,0.00021248,true,0x27,false,
"I2C","data",9.20060416,0.00021248,true,,,0x28
"I2C","stop",9.20084164,3.9999999e-08,,,,
"I2C","start",9.20145644,3.9999999e-08,,,,
"I2C","address",9.20149396,0.00021248,true,0x27,false,
"I2C","data",9.20171896,0.00021248,true,,,0x88
"I2C","stop",9.20195644,3.9999999e-08,,,,
"I2C","start",9.20234468,3.9999999e-08,,,,
"I2C","address",9.20238216,0.00021248,true,0x27,false,
"I2C","data",9.20260716,0.00021248,true,,,0x8C
"I2C","stop",9.20284468,3.9999999e-08,,,,
"I2C","start",9.20379028,4.00000008e-08,,,,
"I2C","address",9.2038278,0.00021248,true,0x27,false,
"I2C","data",9.2040528,0.00021248,true,,,0x88
"I2C","stop",9.20429032,3.9999999e-08,,,,
"I2C","start",9.20487016,3.9999999e-08,,,,
"I2C","address",9.20490768,0.00021248,true,0x27,false,
"I2C","data",9.20513268,0.00021248,true,,,0x08
"I2C","stop",9.2053702,3.9999999e-08,,,,
"I2C","start",9.20576104,3.9999999e-08,,,,
"I2C","address",9.20579852,0.00021248,true,0x27,false,
"I2C","data",9.20602352,0.00021248,true,,,0x0C
"I2C","stop",9.20626104,4.00000008e-08,,,,
"I2C","start",9.2074036,4.00000008e-08,,,,
"I2C","address",9.20744112,0.00021248,true,0x27,false,
"I2C","data",9.20766612,0.00021248,true,,,0x08
"I2C","stop",9.2079036,4.00000008e-08,,,,
"I2C","start",9.20848828,4.00000008e-08,,,,
"I2C","address",9.2085258,0.00021248,true,0x27,false,
"I2C","data",9.2087508,0.00021248,true,,,0x69
"I2C","stop",9.20898828,4.00000008e-08,,,,
"I2C","start",9.20928088,3.9999999e-08,,,,
"I2C","address",9.20931836,0.00021248,true,0x27,false,
"I2C","data",9.20954336,0.00021248,true,,,0x6D
"I2C","stop",9.20978088,3.9999999e-08,,,,
"I2C","start",9.2106736,3.9999999e-08,,,,
"I2C","address",9.21071112,0.00021248,true,0x27,false,
"I2C","data",9.21093612,0.00021248,true,,,0x69
"I2C","stop",9.21117364,3.9999999e-08,,,,
"I2C","start",9.21165876,4.00000008e-08,,,,
"I2C","address",9.21169628,0.00021248,true,0x27,false,
"I2C","data",9.21192128,0.00021248,true,,,0xE9
"I2C","stop",9.21215876,3.9999999e-08,,,,
"I2C","start",9.21244284,3.9999999e-08,,,,
"I2C","address",9.21248036,0.00021248,true,0x27,false,
"I2C","data",9.21270536,0.00021248,true,,,0xED
"I2C","stop",9.21294284,4.00000008e-08,,,,
"I2C","start",9.21381488,4.00000008e-08,,,,
"I2C","address",9.21385236,0.00021252,true,0x27,false,
"I2C","data",9.21407736,0.00021248,true,,,0xE9
"I2C","stop",9.21431488,3.9999999e-08,,,,
"I2C","start",9.21481796,3.9999999e-08,,,,
"I2C","address",9.21485548,0.00021248,true,0x27,false,
"I2C","data",9.21508048,0.00021248,true,,,0x69
"I2C","stop",9.215318,4.00000008e-08,,,,
"I2C","start",9.21560256,3.9999999e-08,,,,
"I2C","address",9.21564008,0.00021248,true,0x27,false,
"I2C","data",9.21586508,0.00021248,true,,,0x6D
"I2C","stop",9.21610256,3.9999999e-08,,,,
"I2C","start",9.2170672,3.9999999e-08,,,,
"I2C","address",9.21710472,0.00021248,true,0x27,false,
"I2C","data",9.21732972,0.00021248,true,,,0x69
"I2C","stop",9.2175672,3.9999999e-08,,,,
"I2C","start",9.21810468,3.9999999e-08,,,,
"I2C","address",9.2181422,0.00021248,true,0x27,false,
"I2C","data",9.21836716,0.00021252,true,,,0x99
"I2C","stop",9.21860468,3.9999999e-08,,,,
"I2C","start",9.21909568,4.00000008e-08,,,,
"I2C","address",9.2191332,0.00021248,true,0x27,false,
"I2C","data",9.2193582,0.00021248,true,,,0x9D
"I2C","stop",9.21959568,4.00000008e-08,,,,
"I2C","start",9.22054204,3.9999999e-08,,,,
"I2C","address",9.22057952,0.00021252,true,0x27,false,
"I2C","data",9.22080452,0.00021252,true,,,0x99
"I2C","stop",9.22104204,3.9999999e-08,,,,
"I2C","start",9.41623728,3.9999999e-08,,,,
"I2C","address",9.41627476,0.00021252,true,0x27,false,
"I2C","data",9.41649976,0.00021248,true,,,0x08
"I2C","stop",9.41673728,4.00000008e-08,,,,
"I2C","start",9.41710248,3.9999999e-08,,,,
"I2C","address",9.41714,0.00021248,true,0x27,false,
"I2C","data",9.417365,0.00021248,true,,,0x0C
"I2C","stop",9.41760248,4.00000008e-08,,,,
"I2C","start",9.41882828,3.9999999e-08,,,,
"I2C","address",9.4188658,0.00021248,true,0x27,false,
"I2C","data",9.4190908,0.00021248,true,,,0x08
"I2C","stop",9.41932828,4.00000008e-08,,,,
"I2C","start",9.41994084,3.9999999e-08,,,,
"I2C","address",9.41997836,0.00021248,true,0x27,false,
"I2C","data",9.42020336,0.00021248,true,,,0x18
"I2C","stop",9.42044084,4.00000008e-08,,,,
"I2C","start",9.42078464,3.9999999e-08,,,,
"I2C","address",9.42082216,0.00021248,true,0x27,false,
"I2C","data",9.42104716,0.00021248,true,,,0x1C
"I2C","stop",9.42128464,3.9999999e-08,,,,
"I2C","start",9.4221914,3.9999999e-08,,,,
"I2C","address",9.42222892,0.00021248,true,0x27,false,
"I2C","data",9.42245392,0.00021248,true,,,0x18
"I2C","stop",9.4226914,3.9999999e-08,,,,
"I2C","start",9.42323,4.00000008e-08,,,,
"I2C","address",9.42326752,0.00021248,true,0x27,false,
"I2C","data",9.42349252,0.00021248,true,,,0x08
"I2C","stop",9.42373,3.9999999e-08,,,,
"I2C","start",9.42409364,3.9999999e-08,,,,
"I2C","address",9.42413116,0.00021248,true,0x27,false,
"I2C","data",9.42435616,0.00021248,true,,,0x0C
"I2C","stop",9.42459364,4.00000008e-08,,,,
"I2C","start",9.42553828,4.00000008e-08,,,,
"I2C","address",9.4255758,0.00021248,true,0x27,false,
"I2C","data",9.4258008,0.00021248,true,,,0x08
"I2C","stop",9.42603828,3.9999999e-08,,,,
"I2C","start",9.4266818,4.00000008e-08,,,,
"I2C","address",9.42671932,0.00021248,true,0x27,false,
"I2C","data",9.42694432,0.00021248,true,,,0x28
"I2C","stop",9.4271818,3.9999999e-08,,,,
"I2C","start",9.42749276,4.00000008e-08,,,,
"I2C","address",9.42753024,0.00021248,true,0x27,false,
"I2C","data",9.42775524,0.00021248,true,,,0x2C
"I2C","stop",9.42799276,3.9999999e-08,,,,
"I2C","start",9.42887392,4.00000008e-08,,,,
"I2C","address",9.42891144,0.00021248,true,0x27,false,
"I2C","data",9.42913644,0.00021248,true,,,0x28
"I2C","stop",9.42937392,3.9999999e-08,,,,
"I2C","start",9.4299056,3.9999999e-08,,,,
"I2C","address",9.42994312,0.00021248,true,0x27,false,
"I2C","data",9.43016812,0.00010288,true,,,0x88
"I2C","stop",9.43028104,4.00000008e-08,,,,
"I2C","start",9.43066228,3.9999999e-08,,,,
"I2C","address",9.43067728,8.5e-05,true,0x27,false,
"I2C","data",9.43076728,8.496e-05,true,,,0x8C
"I2C","stop",9.43086228,3.9999999e-08,,,,
"I2C","start",9.43177372,3.9999999e-08,,,,
"I2C","address",9.43178872,8.5e-05,true,0x27,false,
"I2C","data",9.43187872,8.5e-05,true,,,0x88
"I2C","stop",9.43197372,4.00000008e-08,,,,
"I2C","start",9.43251412,4.00000008e-08,,,,
"I2C","address",9.43252912,8.5e-05,true,0x27,false,
"I2C","data",9.43261912,8.5e-05,true,,,0x08
"I2C","stop",9.43271412,3.9999999e-08,,,,
"I2C","start",9.43309836,4.00000008e-08,,,,
"I2C","address",9.43311336,8.5e-05,true,0x27,false,
"I2C","data",9.43320336,8.5e-05,true,,,0x0C
"I2C","stop",9.43329836,3.9999999e-08,,,,
"I2C","start",9.43428656,3.9999999e-08,,,,
"I2C","address",9.4343016,8.496e-05,true,0x27,false,
"I2C","data",9.4343916,8.496e-05,true,,,0x08
"I2C","stop",9.4344866,3.9999999e-08,,,,
"I2C","start",9.43501776,4.00000026e-08,,,,
"I2C","address",9.43503276,8.5e-05,true,0x27,false,
"I2C","data",9.43512276,8.5e-05,true,,,0x69
"I2C","stop",9.43521776,4.00000008e-08,,,,
"I2C","start",9.435511,3.9999999e-08,,,,
"I2C","address",9.435526,8.5e-05,true,0x27,false,
"I2C","data",9.435616,8.5e-05,true,,,0x6D
"I2C","stop",9.435711,4.00000008e-08,,,,
"I2C","start",9.43660108,4.00000008e-08,,,,
"I2C","address",9.43661608,8.5e-05,true,0x27,false,
"I2C","data",9.43670608,8.5e-05,true,,,0x69
"I2C","stop",9.43680108,3.9999999e-08,,,,
"I2C","start",9.43736652,3.9999999e-08,,,,
"I2C","address",9.43738152,8.5e-05,true,0x27,false,
"I2C","data",9.43747152,8.5e-05,true,,,0xE9
"I2C","stop",9.43756652,4.00000008e-08,,,,
"I2C","start",9.43792628,4.00000008e-08,,,,
"I2C","address",9.43794132,8.496e-05,true,0x27,false,
"I2C","data",9.43803128,8.5e-05,true,,,0xED
"I2C","stop",9.43812632,4.00000008e-08,,,,
"I2C","start",9.43902296,4.00000008e-08,,,,
"I2C","address",9.43903796,8.5e-05,true,0x27,false,
"I2C","data",9.43912796,8.5e-05,true,,,0xE9
"I2C","stop",9.43922296,3.9999999e-08,,,,
"I2C","start",9.7883546,3.9999999e-08,,,,
"I2C","address",9.78839212,0.00021248,true,0x27,false,
"I2C","data",9.78861712,0.00021248,true,,,0x08
"I2C","stop",9.7888546,3.9999999e-08,,,,
"I2C","start",9.7892116,3.9999999e-08,,,,
"I2C","address",9.78924912,0.00021248,true,0x27,false,
"I2C","data",9.78947412,0.00021248,true,,,0x0C
"I2C","stop",9.7897116,3.9999999e-08,,,,
"I2C","start",9.7906452,3.9999999e-08,,,,
"I2C","address",9.79068268,0.00021252,true,0x27,false,
"I2C","data",9.79090768,0.00021248,true,,,0x08
"I2C","stop",9.7911452,3.9999999e-08,,,,
"I2C","start",9.7916674,3.9999999e-08,,,,
"I2C","address",9.79170492,0.00021248,true,0x27,false,
"I2C","data",9.79192992,0.00021248,true,,,0x18
"I2C","stop",9.7921674,3.9999999e-08,,,,
"I2C","start",9.79247688,4.00000008e-08,,,,
"I2C","address",9.7925144,0.00021248,true,0x27,false,
"I2C","data",9.7927394,0.00021248,true,,,0x1C
"I2C","stop",9.79297688,3.9999999e-08,,,,
"I2C","start",9.79390616,3.9999999e-08,,,,
"I2C","address",9.79394364,0.00021252,true,0x27,false,
"I2C","data",9.79416864,0.00021252,true,,,0x18
"I2C","stop",9.79440616,4.00000008e-08,,,,
"I2C","start",9.7949256,4.00000026e-08,,,,
"I2C","address",9.79496312,0.00021248,true,0x27,false,
"I2C","data",9.79518808,0.00021252,true,,,0x08
"I2C","stop",9.7954256,3.9999999e-08,,,,
"I2C","start",9.7957384,3.9999999e-08,,,,
"I2C","address",9.79577592,0.00021248,true,0x27,false,
"I2C","data",9.79600092,0.00021248,true,,,0x0C
"I2C","stop",9.7962384,3.9999999e-08,,,,
"I2C","start",9.79713056,3.9999999e-08,,,,
"I2C","address",9.79716392,0.00018892,true,0x27,false,
"I2C","data",9.79736396,0.00018892,true,,,0x08
"I2C","stop",9.79757512,3.9999999e-08,,,,
"I2C","start",9.79807856,4.00000008e-08,,,,
"I2C","address",9.79811192,0.00018892,true,0x27,false,
"I2C","data",9.79831196,0.00018892,true,,,0x28
"I2C","stop",9.79852312,4.00000008e-08,,,,
"I2C","start",9.7988288,3.9999999e-08,,,,
"I2C","address",9.79886216,0.00018892,true,0x27,false,
"I2C","data",9.7990622,0.00018888,true,,,0x2C
"I2C","stop",9.79927332,4.00000026e-08,,,,
"I2C","start",9.80013524,3.9999999e-08,,,,
"I2C","address",9.8001686,0.00018892,true,0x27,false,
"I2C","data",9.80036864,0.00018892,true,,,0x28
"I2C","stop",9.8005798,3.9999999e-08,,,,
"I2C","start",9.80106492,3.9999999e-08,,,,
"I2C","address",9.80109828,0.00018892,true,0x27,false,
"I2C","data",9.80129832,0.00018892,true,,,0x88
"I2C","stop",9.80150948,3.9999999e-08,,,,
"I2C","start",9.80190836,3.9999999e-08,,,,
"I2C","address",9.80194168,0.00018892,true,0x27,false,
"I2C","data",9.80214172,0.00018892,true,,,0x8C
"I2C","stop",9.80235288,4.00000008e-08,,,,
"I2C","start",9.8032828,4.00000008e-08,,,,
"I2C","address",9.80331612,0.00018892,true,0x27,false,
"I2C","data",9.80351616,0.00018892,true,,,0x88
"I2C","stop",9.80372732,4.00000008e-08,,,,
"I2C","start",9.80435072,3.9999999e-08,,,,
"I2C","address",9.80438408,0.00018892,true,0x27,false,
"I2C","data",9.80458412,0.00018892,true,,,0x08
"I2C","stop",9.80479528,4.00000008e-08,,,,
"I2C","start",9.8051348,3.9999999e-08,,,,
"I2C","address",9.80516816,0.00018892,true,0x27,false,
"I2C","data",9.8053682,0.00018892,true,,,0x0C
"I2C","stop",9.80557936,3.9999999e-08,,,,
"I2C","start",9.8068666,4.00000008e-08,,,,
"I2C","address",9.80689996,0.00018892,true,0x27,false,
"I2C","data",9.8071,0.00018892,true,,,0x08
"I2C","stop",9.80731116,3.9999999e-08,,,,
"I2C","start",10.0154268,3.9999999e-08,,,,
"I2C","address",10.0154643,0.00021252,true,0x27,false,
"I2C","data",10.0156893,0.00021252,true,,,0x08
"I2C","stop",10.0159268,4.00000008e-08,,,,
"I2C","start",10.0165436,4.00000008e-08,,,,
"I2C","address",10.0165812,0.00021248,true,0x27,false,
"I2C","data",10.0168062,0.00021248,true,,,0x0C
"I2C","stop",10.0170436,4.00000008e-08,,,,
"I2C","start",10.0179867,4.00000008e-08,,,,
"I2C","address",10.0180242,0.00021248,true,0x27,false,
"I2C","data",10.0182492,0.00021252,true,,,0x08
"I2C","stop",10.0184867,3.9999999e-08,,,,
"I2C","start",10.0190428,4.00000026e-08,,,,
"I2C","address",10.0190803,0.00021248,true,0x27,false,
"I2C","data",10.0193053,0.00018256,true,,,0x18
"I2C","stop",10.0194979,4.00000008e-08,,,,
"I2C","start",10.0199425,4.00000008e-08,,,,
"I2C","address",10.0199576,8.496e-05,true,0x27,false,
"I2C","data",10.0200476,8.496e-05,true,,,0x1C
"I2C","stop",10.0201426,3.9999999e-08,,,,
"I2C","start",10.0218049,4.00000026e-08,,,,
"I2C","address",10.0218199,8.5e-05,true,0x27,false,
"I2C","data",10.0219099,8.5e-05,true,,,0x18
"I2C","stop",10.0220049,3.9999999e-08,,,,
"I2C","start",10.0225681,4.00000008e-08,,,,
"I2C","address",10.0225831,8.5e-05,true,0x27,false,
"I2C","data",10.0226731,8.5e-05,true,,,0x08
"I2C","stop",10.0227681,3.9999999e-08,,,,
"I2C","start",10.0233941,4.00000008e-08,,,,
"I2C","address",10.0234091,8.5e-05,true,0x27,false,
"I2C","data",10.0234991,8.5e-05,true,,,0x0C
"I2C","stop",10.0235941,3.9999999e-08,,,,
"I2C","start",10.0249652,4.00000008e-08,,,,
"I2C","address",10.0249802,8.5e-05,true,0x27,false,
"I2C","data",10.0250702,8.5e-05,true,,,0x08
"I2C","stop",10.0251652,3.9999999e-08,,,,
"I2C","start",10.0256783,4.00000008e-08,,,,
"I2C","address",10.0256933,8.496e-05,true,0x27,false,
"I2C","data",10.0257833,8.496e-05,true,,,0x28
"I2C","stop",10.0258783,4.00000008e-08,,,,
"I2C","start",10.0261963,3.9999999e-08,,,,
"I2C","address",10.0262113,8.5e-05,true,0x27,false,
"I2C","data",10.0263013,8.5e-05,true,,,0x2C
"I2C","stop",10.0263963,3.9999999e-08,,,,
"I2C","start",10.0295186,3.9999999e-08,,,,
"I2C","address",10.0295561,0.00021248,true,0x27,false,
"I2C","data",10.0297811,0.00021248,true,,,0x28
"I2C","stop",10.0300186,3.9999999e-08,,,,
"I2C","start",10.0313818,4.00000008e-08,,,,
"I2C","address",10.0314193,0.00021248,true,0x27,false,
"I2C","data",10.0316443,0.00021248,true,,,0x88
"I2C","stop",10.0318818,4.00000026e-08,,,,
"I2C","start",10.0326241,3.9999999e-08,,,,
"I2C","address",10.0326616,0.00021248,true,0x27,false,
"I2C","data",10.0328866,0.00021248,true,,,0x8C
"I2C","stop",10.0331241,4.00000008e-08,,,,
"I2C","start",10.0351274,4.00000008e-08,,,,
"I2C","address",10.0351424,8.5e-05,true,0x27,false,
"I2C","data",10.0352324,8.5e-05,true,,,0x88
"I2C","stop",10.0353274,4.00000008e-08,,,,
"I2C","start",10.0359155,4.00000008e-08,,,,
"I2C","address",10.0359305,8.5e-05,true,0x27,false,
"I2C","data",10.0360205,8.5e-05,true,,,0x08
"I2C","stop",10.0361155,4.00000008e-08,,,,
"I2C","start",10.0364049,4.00000008e-08,,,,
"I2C","address",10.0364199,8.5e-05,true,0x27,false,
"I2C","data",10.0365099,8.5e-05,true,,,0x0C
"I2C","stop",10.0366049,3.9999999e-08,,,,
"I2C","start",10.0379424,3.9999999e-08,,,,
"I2C","address",10.0379574,8.5e-05,true,0x27,false,
"I2C","data",10.0380474,8.5e-05,true,,,0x08
"I2C","stop",10.0381424,3.9999999e-08,,,,
"I2C","start",10.2914594,4.00000026e-08,,,,
"I2C","address",10.2914744,8.496e-05,true,0x27,false,
"I2C","data",10.2915644,8.496e-05,true,,,0x08
"I2C","stop",10.2916594,3.9999999e-08,,,,
"I2C","start",10.2921261,4.00000008e-08,,,,
"I2C","address",10.2921411,8.5e-05,true,0x27,false,
"I2C","data",10.2922311,8.5e-05,true,,,0x0C
"I2C","stop",10.2923261,3.9999999e-08,,,,
"I2C","start",10.2931399,4.00000008e-08,,,,
"I2C","address",10.293155,8.496e-05,true,0x27,false,
"I2C","data",10.293245,8.496e-05,true,,,0x08
"I2C","stop",10.29334,3.9999999e-08,,,,
"I2C","start",10.294164,4.00000008e-08,,,,
"I2C","address",10.2941791,8.496e-05,true,0x27,false,
"I2C","data",10.2942691,8.496e-05,true,,,0x18
"I2C","stop",10.2943641,3.9999999e-08,,,,
"I2C","start",10.2949996,4.00000008e-08,,,,
"I2C","address",10.2950146,8.5e-05,true,0x27,false,
"I2C","data",10.2951046,8.5e-05,true,,,0x1C
"I2C","stop",10.2951996,3.9999999e-08,,,,
"I2C","start",10.2961068,3.9999999e-08,,,,
"I2C","address",10.2961218,8.5e-05,true,0x27,false,
"I2C","data",10.2962118,8.5e-05,true,,,0x18
"I2C","stop",10.2963068,4.00000008e-08,,,,
"I2C","start",10.2969341,3.9999999e-08,,,,
"I2C","address",10.2969491,8.5e-05,true,0x27,false,
"I2C","data",10.2970391,8.5e-05,true,,,0x08
"I2C","stop",10.2971341,4.00000008e-08,,,,
"I2C","start",10.2979368,3.9999999e-08,,,,
"I2C","address",10.2979518,8.5e-05,true,0x27,false,
"I2C","data",10.2980418,8.5e-05,true,,,0x0C
"I2C","stop",10.2981368,3.9999999e-08,,,,
"I2C","start",10.2990076,3.9999999e-08,,,,
"I2C","address",10.2990226,8.5e-05,true,0x27,false,
"I2C","data",10.2991126,8.5e-05,true,,,0x08
"I2C","stop",10.2992076,4.00000026e-08,,,,
"I2C","start",10.2996648,4.00000008e-08,,,,
"I2C","address",10.2996798,8.496e-05,true,0x27,false,
"I2C","data",10.2997698,8.496e-05,true,,,0x28
"I2C","stop",10.2998648,3.9999999e-08,,,,
"I2C","start",10.3002095,4.00000026e-08,,,,
"I2C","address",10.3002245,8.5e-05,true,0x27,false,
"I2C","data",10.3003145,8.5e-05,true,,,0x2C
"I2C","stop",10.3004095,3.9999999e-08,,,,
"I2C","start",10.3014969,4.00000008e-08,,,,
"I2C","address",10.3015119,8.5e-05,true,0x27,false,
"I2C","data",10.3016019,8.5e-05,true,,,0x28
"I2C","stop",10.3016969,3.9999999e-08,,,,
"I2C","start",10.3027846,4.00000008e-08,,,,
"I2C","address",10.3027996,8.5e-05,true,0x27,false,
"I2C","data",10.3028896,8.5e-05,true,,,0x88
"I2C","stop",10.3029846,3.9999999e-08,,,,
"I2C","start",10.3033998,4.00000008e-08,,,,
"I2C","address",10.3034148,8.5e-05,true,0x27,false,
"I2C","data",10.3035048,8.5e-05,true,,,0x8C
"I2C","stop",10.3035998,4.00000008e-08,,,,
"I2C","start",10.3044453,4.00000026e-08,,,,
"I2C","address",10.3044603,8.5e-05,true,0x27,false,
"I2C","data",10.3045503,8.5e-05,true,,,0x88
"I2C","stop",10.3046453,3.9999999e-08,,,,
"I2C","start",10.3051786,3.9999999e-08,,,,
"I2C","address",10.3051936,8.5e-05,true,0x27,false,
"I2C","data",10.3052836,8.5e-05,true,,,0x08
"I2C","stop",10.3053786,4.00000008e-08,,,,
"I2C","start",10.3056361,3.9999999e-08,,,,
"I2C","address",10.3056512,8.496e-05,true,0x27,false,
"I2C","data",10.3057412,8.496e-05,true,,,0x0C
"I2C","stop",10.3058362,3.9999999e-08,,,,
"I2C","start",10.3066678,3.9999999e-08,,,,
"I2C","address",10.3066828,8.5e-05,true,0x27,false,
"I2C","data",10.3067728,8.5e-05,true,,,0x08
"I2C","stop",10.3068678,4.00000008e-08,,,,
"I2C","start",10.557432,4.00000008e-08,,,,
"I2C","address",10.557447,8.5e-05,true,0x27,false,
"I2C","data",10.557537,8.5e-05,true,,,0x08
"I2C","stop",10.557632,3.9999999e-08,,,,
"I2C","start",10.5578703,4.00000008e-08,,,,
"I2C","address",10.5578853,8.5e-05,true,0x27,false,
"I2C","data",10.5579753,8.5e-05,true,,,0x0C
"I2C","stop",10.5580703,3.9999999e-08,,,,
"I2C","start",10.5588847,3.9999999e-08,,,,
"I2C","address",10.5588997,8.5e-05,true,0x27,false,
"I2C","data",10.5589897,8.5e-05,true,,,0x08
"I2C","stop",10.5590847,4.00000008e-08,,,,
"I2C","start",10.5594912,3.9999999e-08,,,,
"I2C","address",10.5595062,8.496e-05,true,0x27,false,
"I2C","data",10.5595962,8.496e-05,true,,,0x18
"I2C","stop",10.5596912,4.00000008e-08,,,,
"I2C","start",10.5599649,4.00000008e-08,,,,
"I2C","address",10.5599799,8.5e-05,true,0x27,false,
"I2C","data",10.5600699,8.5e-05,true,,,0x1C
"I2C","stop",10.5601649,4.00000008e-08,,,,
"I2C","start",10.5610041,3.9999999e-08,,,,
"I2C","address",10.5610191,8.5e-05,true,0x27,false,
"I2C","data",10.5611091,8.5e-05,true,,,0x18
"I2C","stop",10.5612041,3.9999999e-08,,,,
"I2C","start",10.5616635,4.00000008e-08,,,,
"I2C","address",10.5616785,8.496e-05,true,0x27,false,
"I2C","data",10.5617685,8.496e-05,true,,,0x08
"I2C","stop",10.5618635,4.00000026e-08,,,,
"I2C","start",10.5621134,4.00000008e-08,,,,
"I2C","address",10.5621284,8.5e-05,true,0x27,false,
"I2C","data",10.5622184,8.5e-05,true,,,0x0C
"I2C","stop",10.5623134,4.00000008e-08,,,,
"I2C","start",10.5631794,4.00000008e-08,,,,
"I2C","address",10.5631944,8.5e-05,true,0x27,false,
"I2C","data",10.5632844,8.5e-05,true,,,0x08
"I2C","stop",10.5633794,3.9999999e-08,,,,
"I2C","start",10.5638701,4.00000026e-08,,,,
"I2C","address",10.5638851,8.5e-05,true,0x27,false,
"I2C","data",10.5639751,8.5e-05,true,,,0x28
"I2C","stop",10.5640701,3.9999999e-08,,,,
"I2C","start",10.5643181,4.00000008e-08,,,,
"I2C","address",10.5643331,8.496e-05,true,0x27,false,
"I2C","data",10.5644231,8.496e-05,true,,,0x2C
"I2C","stop",10.5645181,4.00000008e-08,,,,
"I2C","start",10.5653536,3.9999999e-08,,,,
"I2C","address",10.5653686,8.496e-05,true,0x27,false,
"I2C","data",10.5654586,8.496e-05,true,,,0x28
"I2C","stop",10.5655536,4.00000008e-08,,,,
"I2C","start",10.5659388,4.00000008e-08,,,,
"I2C","address",10.5659538,8.5e-05,true,0x27,false,
"I2C","data",10.5660438,8.5e-05,true,,,0x88
"I2C","stop",10.5661388,3.9999999e-08,,,,
"I2C","start",10.5663376,4.00000008e-08,,,,
"I2C","address",10.5663526,8.5e-05,true,0x27,false,
"I2C","data",10.5664426,8.5e-05,true,,,0x8C
"I2C","stop",10.5665376,3.9999999e-08,,,,
"I2C","start",10.5673967,4.00000008e-08,,,,
"I2C","address",10.5674117,8.5e-05,true,0x27,false,
"I2C","data",10.5675017,8.5e-05,true,,,0x88
"I2C","stop",10.5675967,4.00000008e-08,,,,
"I2C","start",10.567994,3.9999999e-08,,,,
"I2C","address",10.568009,8.496e-05,true,0x27,false,
"I2C","data",10.568099,8.496e-05,true,,,0x08
"I2C","stop",10.568194,3.9999999e-08,,,,
"I2C","start",10.5683986,4.00000008e-08,,,,
"I2C","address",10.5684136,8.5e-05,true,0x27,false,
"I2C","data",10.5685036,8.5e-05,true,,,0x0C
"I2C","stop",10.5685986,3.9999999e-08,,,,
"I2C","start",10.5695501,3.9999999e-08,,,,
"I2C","address",10.5695651,8.496e-05,true,0x27,false,
"I2C","data",10.5696551,8.496e-05,true,,,0x08
"I2C","stop",10.5697501,3.9999999e-08,,,,
"I2C","start",10.7996013,4.00000026e-08,,,,
"I2C","address",10.7996163,8.496e-05,true,0x27,false,
"I2C","data",10.7997063,8.496e-05,true,,,0x08
"I2C","stop",10.7998013,3.9999999e-08,,,,
"I2C","start",10.8000359,3.9999999e-08,,,,
"I2C","address",10.8000509,8.5e-05,true,0x27,false,
"I2C","data",10.8001409,8.5e-05,true,,,0x0C
"I2C","stop",10.8002359,4.00000008e-08,,,,
"I2C","start",10.8010518,4.00000008e-08,,,,
"I2C","address",10.8010668,8.496e-05,true,0x27,false,
"I2C","data",10.8011568,8.496e-05,true,,,0x08
"I2C","stop",10.8012518,4.00000008e-08,,,,
"I2C","start",10.8016702,4.00000008e-08,,,,
"I2C","address",10.8016852,8.5e-05,true,0x27,false,
"I2C","data",10.8017752,8.5e-05,true,,,0x18
"I2C","stop",10.8018702,3.9999999e-08,,,,
"I2C","start",10.8021382,3.9999999e-08,,,,
"I2C","address",10.8021532,8.5e-05,true,0x27,false,
"I2C","data",10.8022432,8.5e-05,true,,,0x1C
"I2C","stop",10.8023382,4.00000008e-08,,,,
"I2C","start",10.8031979,3.9999999e-08,,,,
"I2C","address",10.8032129,8.5e-05,true,0x27,false,
"I2C","data",10.8033029,8.5e-05,true,,,0x18
"I2C","stop",10.8033979,3.9999999e-08,,,,
"I2C","start",10.8039427,4.00000008e-08,,,,
"I2C","address",10.8039577,8.5e-05,true,0x27,false,
"I2C","data",10.8040477,8.5e-05,true,,,0x08
"I2C","stop",10.8041427,3.9999999e-08,,,,
"I2C","start",10.8044571,3.9999999e-08,,,,
"I2C","address",10.8044722,8.496e-05,true,0x27,false,
"I2C","data",10.8045622,8.496e-05,true,,,0x0C
"I2C","stop",10.8046572,4.00000008e-08,,,,
"I2C","start",10.8055851,3.9999999e-08,,,,
"I2C","address",10.8056001,8.496e-05,true,0x27,false,
"I2C","data",10.8056901,8.496e-05,true,,,0x08
"I2C","stop",10.8057851,4.00000008e-08,,,,
"I2C","start",10.8062448,3.9999999e-08,,,,
"I2C","address",10.8062598,8.5e-05,true,0x27,false,
"I2C","data",10.8063498,8.5e-05,true,,,0x28
"I2C","stop",10.8064448,4.00000008e-08,,,,
"I2C","start",10.806787,3.9999999e-08,,,,
"I2C","address",10.806802,8.5e-05,true,0x27,false,
"I2C","data",10.806892,8.5e-05,true,,,0x2C
"I2C","stop",10.806987,4.00000008e-08,,,,
"I2C","start",10.8078407,3.9999999e-08,,,,
"I2C","address",10.8078557,8.5e-05,true,0x27,false,
"I2C","data",10.8079457,8.5e-05,true,,,0x28
"I2C","stop",10.8080407,4.00000026e-08,,,,
"I2C","start",10.8088046,3.9999999e-08,,,,
"I2C","address",10.8088196,8.496e-05,true,0x27,false,
"I2C","data",10.8089096,8.496e-05,true,,,0x88
"I2C","stop",10.8090046,3.9999999e-08,,,,
"I2C","start",10.8092456,3.9999999e-08,,,,
"I2C","address",10.8092606,8.5e-05,true,0x27,false,
"I2C","data",10.8093506,8.5e-05,true,,,0x8C
"I2C","stop",10.8094456,4.00000008e-08,,,,
"I2C","start",10.8102278,4.00000008e-08,,,,
"I2C","address",10.8102428,8.496e-05,true,0x27,false,
"I2C","data",10.8103328,8.5e-05,true,,,0x88
"I2C","stop",10.8104278,3.9999999e-08,,,,
"I2C","start",10.8108369,3.9999999e-08,,,,
"I2C","address",10.8108519,8.5e-05,true,0x27,false,
"I2C","data",10.8109419,8.5e-05,true,,,0x08
"I2C","stop",10.8110369,4.00000008e-08,,,,
"I2C","start",10.8112648,4.00000008e-08,,,,
"I2C","address",10.8112798,8.5e-05,true,0x27,false,
"I2C","data",10.8113698,8.5e-05,true,,,0x0C
"I2C","stop",10.8114648,4.00000008e-08,,,,
"I2C","start",10.8123016,3.9999999e-08,,,,
"I2C","address",10.8123166,8.5e-05,true,0x27,false,
"I2C","data",10.8124066,8.5e-05,true,,,0x08
"I2C","stop",10.8125016,4.00000008e-08,,,,
"I2C","start",11.0014705,4.00000008e-08,,,,
"I2C","address",11.0014855,8.5e-05,true,0x27,false,
"I2C","data",11.0015755,8.5e-05,true,,,0x08
"I2C","stop",11.0016705,4.00000008e-08,,,,
"I2C","start",11.0019167,4.00000008e-08,,,,
"I2C","address",11.0019317,8.5e-05,true,0x27,false,
"I2C","data",11.0020217,8.496e-05,true,,,0x0C
"I2C","stop",11.0021167,3.9999999e-08,,,,
"I2C","start",11.0029317,4.00000008e-08,,,,
"I2C","address",11.0029467,8.5e-05,true,0x27,false,
"I2C","data",11.0030367,8.5e-05,true,,,0x08
"I2C","stop",11.0031317,3.9999999e-08,,,,
"I2C","start",11.0035334,4.00000008e-08,,,,
"I2C","address",11.0035484,8.5e-05,true,0x27,false,
"I2C","data",11.0036384,8.5e-05,true,,,0x18
"I2C","stop",11.0037334,3.9999999e-08,,,,
"I2C","start",11.0039838,4.00000008e-08,,,,
"I2C","address",11.0039988,8.5e-05,true,0x27,false,
"I2C","data",11.0040888,8.5e-05,true,,,0x1C
"I2C","stop",11.0041838,3.9999999e-08,,,,
"I2C","start",11.0051751,3.9999999e-08,,,,
"I2C","address",11.0051901,8.496e-05,true,0x27,false,
"I2C","data",11.0052801,8.496e-05,true,,,0x18
"I2C","stop",11.0053751,3.9999999e-08,,,,
"I2C","start",11.0058772,4.00000008e-08,,,,
"I2C","address",11.0058922,8.5e-05,true,0x27,false,
"I2C","data",11.0059822,8.5e-05,true,,,0x08
"I2C","stop",11.0060772,3.9999999e-08,,,,
"I2C","start",11.0063674,3.9999999e-08,,,,
"I2C","address",11.0063824,8.5e-05,true,0x27,false,
"I2C","data",11.0064724,8.5e-05,true,,,0x0C
"I2C","stop",11.0065674,3.9999999e-08,,,,
"I2C","start",11.0073905,4.00000008e-08,,,,
"I2C","address",11.0074055,8.5e-05,true,0x27,false,
"I2C","data",11.0074955,8.5e-05,true,,,0x08
"I2C","stop",11.0075905,3.9999999e-08,,,,
"I2C","start",11.0081307,4.00000008e-08,,,,
"I2C","address",11.0081457,8.5e-05,true,0x27,false,
"I2C","data",11.0082357,8.5e-05,true,,,0x28
"I2C","stop",11.0083307,3.9999999e-08,,,,
"I2C","start",11.0086022,3.9999999e-08,,,,
"I2C","address",11.0086172,8.5e-05,true,0x27,false,
"I2C","data",11.0087072,8.5e-05,true,,,0x2C
"I2C","stop",11.0088022,3.9999999e-08,,,,
"I2C","start",11.0102388,3.9999999e-08,,,,
"I2C","address",11.0102538,8.5e-05,true,0x27,false,
"I2C","data",11.0103438,8.5e-05,true,,,0x28
"I2C","stop",11.0104388,3.9999999e-08,,,,
"I2C","start",11.0108546,4.00000008e-08,,,,
"I2C","address",11.0108697,8.496e-05,true,0x27,false,
"I2C","data",11.0109597,8.496e-05,true,,,0x88
"I2C","stop",11.0110547,3.9999999e-08,,,,
"I2C","start",11.0112836,4.00000008e-08,,,,
"I2C","address",11.0112986,8.496e-05,true,0x27,false,
"I2C","data",11.0113886,8.496e-05,true,,,0x8C
"I2C","stop",11.0114836,4.00000008e-08,,,,
"I2C","start",11.0123035,3.9999999e-08,,,,
"I2C","address",11.0123185,8.496e-05,true,0x27,false,
"I2C","data",11.0124085,8.496e-05,true,,,0x88
"I2C","stop",11.0125035,4.00000026e-08,,,,
"I2C","start",11.0128903,3.9999999e-08,,,,
"I2C","address",11.0129053,8.5e-05,true,0x27,false,
"I2C","data",11.0129953,8.5e-05,true,,,0x08
"I2C","stop",11.0130903,4.00000008e-08,,,,
"I2C","start",11.0133027,3.9999999e-08,,,,
"I2C","address",11.0133177,8.5e-05,true,0x27,false,
"I2C","data",11.0134077,8.5e-05,true,,,0x0C
"I2C","stop",11.0135027,4.00000008e-08,,,,
"I2C","start",11.0143284,3.9999999e-08,,,,
"I2C","address",11.0143434,8.5e-05,true,0x27,false,
"I2C","data",11.0144334,8.5e-05,true,,,0x08
"I2C","stop",11.0145284,4.00000008e-08,,,,
