name,type,start_time,duration,"ack","address","read","data","description","count","action"
"I2C","start",3.7952272,4.00000004e-08,,,,,,,
"I2C_STUSB4500","ping",3.7952272,7.584e-05,,"0x8",,,,,
"I2C","address",3.7952436,4.472e-05,false,0x08,false,,,,
"I2C","stop",3.795303,3.99999999e-08,,,,,,,
"I2C","start",3.79542336,3.99999994e-08,,,,,,,
"I2C_STUSB4500","ping",3.79542336,6.792e-05,,"0x9",,,,,
"I2C","address",3.79543212,5.14e-05,false,0x09,false,,,,
"I2C","stop",3.79549124,3.99999999e-08,,,,,,,
"I2C","start",3.79552552,3.99999999e-08,,,,,,,
"I2C_STUSB4500","ping",3.79552552,4.868e-05,,"0xa",,,,,
"I2C","address",3.7955322,3.54e-05,false,0x0A,false,,,,
"I2C","stop",3.79557416,3.99999999e-08,,,,,,,
"I2C","start",3.79661872,3.99999999e-08,,,,,,,
"I2C_STUSB4500","ping",3.79661872,5.152e-05,,"0xb",,,,,
"I2C","address",3.7966262,3.572e-05,false,0x0B,false,,,,
"I2C","stop",3.7966702,3.99999999e-08,,,,,,,
"I2C","start",3.79668876,3.99999999e-08,,,,,,,
"I2C_STUSB4500","ping",3.79668876,4.844e-05,,"0xc",,,,,
"I2C","address",3.7966952,3.54e-05,false,0x0C,false,,,,
"I2C","stop",3.79673716,3.99999999e-08,,,,,,,
"I2C","start",3.79775472,4.00000004e-08,,,,,,,
"I2C_STUSB4500","ping",3.79775472,4.844e-05,,"0xd",,,,,
"I2C","address",3.79776116,3.54e-05,false,0x0D,false,,,,
"I2C","stop",3.79780312,3.99999999e-08,,,,,,,
"I2C","start",3.79782072,4.00000004e-08,,,,,,,
"I2C_STUSB4500","ping",3.79782072,4.848e-05,,"0xe",,,,,
"I2C","address",3.7978272,3.54e-05,false,0x0E,false,,,,
"I2C","stop",3.79786916,4.00000004e-08,,,,,,,
"I2C","start",3.79888568,3.99999994e-08,,,,,,,
"I2C_STUSB4500","ping",3.79888568,4.848e-05,,"0xf",,,,,
"I2C","address",3.79889212,3.544e-05,false,0x0F,false,,,,
"I2C","stop",3.79893412,3.99999994e-08,,,,,,,
"I2C","start",3.79895176,4.00000004e-08,,,,,,,
"I2C_STUSB4500","ping",3.79895176,4.848e-05,,"0x10",,,,,
"I2C","address",3.7989582,3.532e-05,false,0x10,false,,,,
"I2C","stop",3.7990002,3.99999999e-08,,,,,,,
"I2C","start",3.80001668,3.99999999e-08,,,,,,,
"I2C_STUSB4500","ping",3.80001668,4.856e-05,,"0x11",,,,,
"I2C","address",3.80002312,3.54e-05,false,0x11,false,,,,
"I2C","stop",3.8000652,3.99999999e-08,,,,,,,
"I2C","start",3.80008268,3.99999999e-08,,,,,,,
"I2C_STUSB4500","ping",3.80008268,4.856e-05,,"0x12",,,,,
"I2C","address",3.80008912,3.536e-05,false,0x12,false,,,,
"I2C","stop",3.8001312,3.99999994e-08,,,,,,,
"I2C","start",3.80114768,3.99999999e-08,,,,,,,
"I2C_STUSB4500","ping",3.80114768,4.856e-05,,"0x13",,,,,
"I2C","address",3.80115412,3.54e-05,false,0x13,false,,,,
"I2C","stop",3.8011962,3.99999994e-08,,,,,,,
"I2C","start",3.80121368,3.99999999e-08,,,,,,,
"I2C_STUSB4500","ping",3.80121368,4.856e-05,,"0x14",,,,,
"I2C","address",3.80122016,3.536e-05,false,0x14,false,,,,
"I2C","stop",3.8012622,3.99999999e-08,,,,,,,
"I2C","start",3.80227868,3.99999994e-08,,,,,,,
"I2C_STUSB4500","ping",3.80227868,4.856e-05,,"0x15",,,,,
"I2C","address",3.80228508,3.544e-05,false,0x15,false,,,,
"I2C","stop",3.8023272,3.99999999e-08,,,,,,,
"I2C","start",3.80234468,3.99999994e-08,,,,,,,
"I2C_STUSB4500","ping",3.80234468,4.848e-05,,"0x16",,,,,
"I2C","address",3.80235112,3.544e-05,false,0x16,false,,,,
"I2C","stop",3.80239312,3.99999994e-08,,,,,,,
"I2C","start",3.80340964,4.00000004e-08,,,,,,,
"I2C_STUSB4500","ping",3.80340964,4.852e-05,,"0x17",,,,,
"I2C","address",3.80341608,3.548e-05,false,0x17,false,,,,
"I2C","stop",3.80345812,3.99999999e-08,,,,,,,
"I2C","start",3.80347572,3.99999999e-08,,,,,,,
"I2C_STUSB4500","ping",3.80347572,4.84e-05,,"0x18",,,,,
"I2C","address",3.80348216,3.536e-05,false,0x18,false,,,,
"I2C","stop",3.80352408,4.00000004e-08,,,,,,,
"I2C","start",3.80454064,4.00000004e-08,,,,,,,
"I2C_STUSB4500","ping",3.80454064,4.86e-05,,"0x19",,,,,
"I2C","address",3.80454708,3.544e-05,false,0x19,false,,,,
"I2C","stop",3.8045892,3.99999999e-08,,,,,,,
"I2C","start",3.80460668,4.00000004e-08,,,,,,,
"I2C_STUSB4500","ping",3.80460668,4.844e-05,,"0x1a",,,,,
"I2C","address",3.80461312,3.54e-05,false,0x1A,false,,,,
"I2C","stop",3.80465508,3.99999999e-08,,,,,,,
"I2C","start",3.80567164,3.99999999e-08,,,,,,,
"I2C_STUSB4500","ping",3.80567164,4.848e-05,,"0x1b",,,,,
"I2C","address",3.80567808,3.544e-05,false,0x1B,false,,,,
"I2C","stop",3.80572008,3.99999999e-08,,,,,,,
"I2C","start",3.80573768,3.99999999e-08,,,,,,,
"I2C_STUSB4500","ping",3.80573768,4.848e-05,,"0x1c",,,,,
"I2C","address",3.80574416,3.528e-05,false,0x1C,false,,,,
"I2C","stop",3.80578612,3.99999994e-08,,,,,,,
"I2C","start",3.80680264,4.00000004e-08,,,,,,,
"I2C_STUSB4500","ping",3.80680264,4.848e-05,,"0x1d",,,,,
"I2C","address",3.80680908,3.544e-05,false,0x1D,false,,,,
"I2C","stop",3.80685108,4.00000004e-08,,,,,,,
"I2C","start",3.80686868,4.00000004e-08,,,,,,,
"I2C_STUSB4500","ping",3.80686868,4.848e-05,,"0x1e",,,,,
"I2C","address",3.80687512,3.532e-05,false,0x1E,false,,,,
"I2C","stop",3.80691712,3.99999999e-08,,,,,,,
"I2C","start",3.80793364,4.00000004e-08,,,,,,,
"I2C_STUSB4500","ping",3.80793364,4.848e-05,,"0x1f",,,,,
"I2C","address",3.80794004,3.54e-05,false,0x1F,false,,,,
"I2C","stop",3.80798208,4.00000004e-08,,,,,,,
"I2C","start",3.80799972,3.99999999e-08,,,,,,,
"I2C_STUSB4500","ping",3.80799972,4.84e-05,,"0x20",,,,,
"I2C","address",3.80800616,3.536e-05,false,0x20,false,,,,
"I2C","stop",3.80804808,3.99999999e-08,,,,,,,
"I2C","start",3.8090646,3.99999999e-08,,,,,,,
"I2C_STUSB4500","ping",3.8090646,4.856e-05,,"0x21",,,,,
"I2C","address",3.80907104,3.54e-05,false,0x21,false,,,,
"I2C","stop",3.80911312,3.99999999e-08,,,,,,,
"I2C","start",3.8091306,3.99999999e-08,,,,,,,
"I2C_STUSB4500","ping",3.8091306,4.856e-05,,"0x22",,,,,
"I2C","address",3.80913704,3.54e-05,false,0x22,false,,,,
"I2C","stop",3.80917912,3.99999994e-08,,,,,,,
"I2C","start",3.8101956,3.99999999e-08,,,,,,,
"I2C_STUSB4500","ping",3.8101956,4.86e-05,,"0x23",,,,,
"I2C","address",3.81020204,3.544e-05,false,0x23,false,,,,
"I2C","stop",3.81024416,4.00000004e-08,,,,,,,
"I2C","start",3.81026164,4.00000004e-08,,,,,,,
"I2C_STUSB4500","ping",3.81026164,4.852e-05,,"0x24",,,,,
"I2C","address",3.81026808,3.536e-05,false,0x24,false,,,,
"I2C","stop",3.81031012,3.99999999e-08,,,,,,,
"I2C","start",3.8113266,3.99999994e-08,,,,,,,
"I2C_STUSB4500","ping",3.8113266,4.86e-05,,"0x25",,,,,
"I2C","address",3.81133304,3.54e-05,false,0x25,false,,,,
"I2C","stop",3.81137516,3.99999999e-08,,,,,,,
"I2C","start",3.81139264,3.99999999e-08,,,,,,,
"I2C_STUSB4500","ping",3.81139264,4.844e-05,,"0x26",,,,,
"I2C","address",3.81139908,3.54e-05,false,0x26,false,,,,
"I2C","stop",3.81144104,3.99999994e-08,,,,,,,
"I2C","start",3.8124576,3.99999999e-08,,,,,,,
"I2C_STUSB4500","ping",3.8124576,4.848e-05,,"0x27",,,,,
"I2C","address",3.81246404,3.544e-05,false,0x27,false,,,,
"I2C","stop",3.81250604,3.99999999e-08,,,,,,,
"I2C","start",3.81252364,3.99999994e-08,,,,,,,
"I2C_STUSB4500","ping",3.81252364,4.844e-05,,"0x28",,,,,
"I2C","address",3.81253008,3.54e-05,false,0x28,false,,,,
"I2C","stop",3.81257204,3.99999999e-08,,,,,,,
"I2C","start",3.8135886,3.99999999e-08,,,,,,,
"I2C_STUSB4500","ping",3.8135886,4.856e-05,,"0x29",,,,,
"I2C","address",3.813595,3.544e-05,false,0x29,false,,,,
"I2C","stop",3.81363712,3.99999994e-08,,,,,,,
"I2C","start",3.8136546,4.00000004e-08,,,,,,,
"I2C_STUSB4500","ping",3.8136546,4.848e-05,,"0x2a",,,,,
"I2C","address",3.81366104,3.544e-05,false,0x2A,false,,,,
"I2C","stop",3.81370304,3.99999999e-08,,,,,,,
"I2C","start",3.81471956,3.99999999e-08,,,,,,,
"I2C_STUSB4500","ping",3.81471956,4.852e-05,,"0x2b",,,,,
"I2C","address",3.814726,3.548e-05,false,0x2B,false,,,,
"I2C","stop",3.81476804,3.99999999e-08,,,,,,,
"I2C","start",3.81478564,3.99999999e-08,,,,,,,
"I2C_STUSB4500","ping",3.81478564,4.844e-05,,"0x2c",,,,,
"I2C","address",3.81479208,3.528e-05,false,0x2C,false,,,,
"I2C","stop",3.81483404,3.99999994e-08,,,,,,,
"I2C","start",3.81585056,4.00000004e-08,,,,,,,
"I2C_STUSB4500","ping",3.81585056,4.848e-05,,"0x2d",,,,,
"I2C","address",3.815857,3.544e-05,false,0x2D,false,,,,
"I2C","stop",3.815899,4.00000004e-08,,,,,,,
"I2C","start",3.81591664,3.99999994e-08,,,,,,,
"I2C_STUSB4500","ping",3.81591664,4.848e-05,,"0x2e",,,,,
"I2C","address",3.81592308,3.532e-05,false,0x2E,false,,,,
"I2C","stop",3.81596508,3.99999999e-08,,,,,,,
"I2C","start",3.81698156,4.00000004e-08,,,,,,,
"I2C_STUSB4500","ping",3.81698156,4.852e-05,,"0x2f",,,,,
"I2C","address",3.816988,3.536e-05,false,0x2F,false,,,,
"I2C","stop",3.81703004,3.99999999e-08,,,,,,,
"I2C","start",3.81704764,3.99999999e-08,,,,,,,
"I2C_STUSB4500","ping",3.81704764,5.448e-05,,"0x30",,,,,
"I2C","address",3.81705408,3.528e-05,true,0x30,false,,,,
"I2C","stop",3.81710208,3.99999999e-08,,,,,,,
"I2C","start",3.8181266,4.00000004e-08,,,,,,,
"I2C_STUSB4500","ping",3.8181266,4.844e-05,,"0x31",,,,,
"I2C","address",3.818133,3.544e-05,false,0x31,false,,,,
"I2C","stop",3.818175,3.99999999e-08,,,,,,,
"I2C","start",3.81819264,4.00000004e-08,,,,,,,
"I2C_STUSB4500","ping",3.81819264,5.44e-05,,"0x32",,,,,
"I2C","address",3.81819896,3.84e-05,true,0x32,false,,,,
"I2C","stop",3.818247,4.00000004e-08,,,,,,,
"I2C","start",3.8192656,3.99999994e-08,,,,,,,
"I2C_STUSB4500","ping",3.8192656,4.848e-05,,"0x33",,,,,
"I2C","address",3.81927204,3.532e-05,false,0x33,false,,,,
"I2C","stop",3.81931404,3.99999994e-08,,,,,,,
"I2C","start",3.81933156,3.99999999e-08,,,,,,,
"I2C_STUSB4500","ping",3.81933156,4.848e-05,,"0x34",,,,,
"I2C","address",3.81933804,3.54e-05,false,0x34,false,,,,
"I2C","stop",3.81938,3.99999999e-08,,,,,,,
"I2C","start",3.82039652,3.99999994e-08,,,,,,,
"I2C_STUSB4500","ping",3.82039652,4.852e-05,,"0x35",,,,,
"I2C","address",3.82040296,3.544e-05,false,0x35,false,,,,
"I2C","stop",3.820445,4.00000004e-08,,,,,,,
"I2C","start",3.8204626,4.00000004e-08,,,,,,,
"I2C_STUSB4500","ping",3.8204626,4.848e-05,,"0x36",,,,,
"I2C","address",3.82046904,3.532e-05,false,0x36,false,,,,
"I2C","stop",3.82051104,4.00000004e-08,,,,,,,
"I2C","start",3.82152752,3.99999999e-08,,,,,,,
"I2C_STUSB4500","ping",3.82152752,4.852e-05,,"0x37",,,,,
"I2C","address",3.82153396,3.536e-05,false,0x37,false,,,,
"I2C","stop",3.821576,3.99999999e-08,,,,,,,
"I2C","start",3.8215936,3.99999999e-08,,,,,,,
"I2C_STUSB4500","ping",3.8215936,4.848e-05,,"0x38",,,,,
"I2C","address",3.82160008,3.528e-05,false,0x38,false,,,,
"I2C","stop",3.82164204,3.99999999e-08,,,,,,,
"I2C","start",3.82265852,3.99999999e-08,,,,,,,
"I2C_STUSB4500","ping",3.82265852,4.848e-05,,"0x39",,,,,
"I2C","address",3.82266496,3.544e-05,false,0x39,false,,,,
"I2C","stop",3.82270696,3.99999999e-08,,,,,,,
"I2C","start",3.82272456,3.99999999e-08,,,,,,,
"I2C_STUSB4500","ping",3.82272456,4.852e-05,,"0x3a",,,,,
"I2C","address",3.82273104,3.528e-05,false,0x3A,false,,,,
"I2C","stop",3.82277304,3.99999999e-08,,,,,,,
"I2C","start",3.82378952,3.99999994e-08,,,,,,,
"I2C_STUSB4500","ping",3.82378952,4.852e-05,,"0x3b",,,,,
"I2C","address",3.82379596,3.536e-05,false,0x3B,false,,,,
"I2C","stop",3.823838,4.00000004e-08,,,,,,,
"I2C","start",3.8238556,4.00000004e-08,,,,,,,
"I2C_STUSB4500","ping",3.8238556,4.848e-05,,"0x3c",,,,,
"I2C","address",3.82386204,3.532e-05,false,0x3C,false,,,,
"I2C","stop",3.82390404,4.00000004e-08,,,,,,,
"I2C","start",3.82492052,3.99999999e-08,,,,,,,
"I2C_STUSB4500","ping",3.82492052,4.852e-05,,"0x3d",,,,,
"I2C","address",3.82492692,3.536e-05,false,0x3D,false,,,,
"I2C","stop",3.824969,3.99999999e-08,,,,,,,
"I2C","start",3.8249866,4.00000004e-08,,,,,,,
"I2C_STUSB4500","ping",3.8249866,4.84e-05,,"0x3e",,,,,
"I2C","address",3.82499304,3.536e-05,false,0x3E,false,,,,
"I2C","stop",3.82503496,4.00000004e-08,,,,,,,
"I2C","start",3.82605148,4.00000004e-08,,,,,,,
"I2C_STUSB4500","ping",3.82605148,4.856e-05,,"0x3f",,,,,
"I2C","address",3.82605792,3.54e-05,false,0x3F,false,,,,
"I2C","stop",3.8261,4.00000004e-08,,,,,,,
"I2C","start",3.82611652,4.00000004e-08,,,,,,,
"I2C_STUSB4500","ping",3.82611652,4.852e-05,,"0x40",,,,,
"I2C","address",3.82612292,3.54e-05,false,0x40,false,,,,
"I2C","stop",3.826165,3.99999999e-08,,,,,,,
"I2C","start",3.82718148,3.99999999e-08,,,,,,,
"I2C_STUSB4500","ping",3.82718148,4.856e-05,,"0x41",,,,,
"I2C","address",3.82718788,3.544e-05,false,0x41,false,,,,
"I2C","stop",3.82723,3.99999999e-08,,,,,,,
"I2C","start",3.82724748,3.99999999e-08,,,,,,,
"I2C_STUSB4500","ping",3.82724748,4.856e-05,,"0x42",,,,,
"I2C","address",3.82725388,3.54e-05,false,0x42,false,,,,
"I2C","stop",3.827296,3.99999999e-08,,,,,,,
"I2C","start",3.82831248,3.99999999e-08,,,,,,,
"I2C_STUSB4500","ping",3.82831248,4.856e-05,,"0x43",,,,,
"I2C","address",3.82831888,3.544e-05,false,0x43,false,,,,
"I2C","stop",3.828361,3.99999994e-08,,,,,,,
"I2C","start",3.82837848,3.99999999e-08,,,,,,,
"I2C_STUSB4500","ping",3.82837848,4.856e-05,,"0x44",,,,,
"I2C","address",3.82838488,3.544e-05,false,0x44,false,,,,
"I2C","stop",3.828427,3.99999994e-08,,,,,,,
"I2C","start",3.82944348,3.99999999e-08,,,,,,,
"I2C_STUSB4500","ping",3.82944348,4.856e-05,,"0x45",,,,,
"I2C","address",3.82944988,3.544e-05,false,0x45,false,,,,
"I2C","stop",3.829492,3.99999999e-08,,,,,,,
"I2C","start",3.82950948,3.99999994e-08,,,,,,,
"I2C_STUSB4500","ping",3.82950948,4.848e-05,,"0x46",,,,,
"I2C","address",3.82951588,3.548e-05,false,0x46,false,,,,
"I2C","stop",3.82955792,3.99999994e-08,,,,,,,
"I2C","start",3.83057444,4.00000004e-08,,,,,,,
"I2C_STUSB4500","ping",3.83057444,4.852e-05,,"0x47",,,,,
"I2C","address",3.83058084,3.552e-05,false,0x47,false,,,,
"I2C","stop",3.83062292,3.99999994e-08,,,,,,,
"I2C","start",3.83064052,3.99999994e-08,,,,,,,
"I2C_STUSB4500","ping",3.83064052,4.84e-05,,"0x48",,,,,
"I2C","address",3.83064692,3.54e-05,false,0x48,false,,,,
"I2C","stop",3.83068888,4.00000004e-08,,,,,,,
"I2C","start",3.83170544,4.00000004e-08,,,,,,,
"I2C_STUSB4500","ping",3.83170544,4.86e-05,,"0x49",,,,,
"I2C","address",3.83171184,3.548e-05,false,0x49,false,,,,
"I2C","stop",3.831754,3.99999999e-08,,,,,,,
"I2C","start",3.83177148,4.00000004e-08,,,,,,,
"I2C_STUSB4500","ping",3.83177148,4.844e-05,,"0x4a",,,,,
"I2C","address",3.83177788,3.544e-05,false,0x4A,false,,,,
"I2C","stop",3.83181988,3.99999999e-08,,,,,,,
"I2C","start",3.83283644,3.99999999e-08,,,,,,,
"I2C_STUSB4500","ping",3.83283644,4.848e-05,,"0x4b",,,,,
"I2C","address",3.83284284,3.548e-05,false,0x4B,false,,,,
"I2C","stop",3.83288488,3.99999999e-08,,,,,,,
"I2C","start",3.83290248,3.99999999e-08,,,,,,,
"I2C_STUSB4500","ping",3.83290248,4.848e-05,,"0x4c",,,,,
"I2C","address",3.83290888,3.536e-05,false,0x4C,false,,,,
"I2C","stop",3.83295092,3.99999994e-08,,,,,,,
"I2C","start",3.83396744,4.00000004e-08,,,,,,,
"I2C_STUSB4500","ping",3.83396744,4.848e-05,,"0x4d",,,,,
"I2C","address",3.83397384,3.548e-05,false,0x4D,false,,,,
"I2C","stop",3.83401588,4.00000004e-08,,,,,,,
"I2C","start",3.83403348,4.00000004e-08,,,,,,,
"I2C_STUSB4500","ping",3.83403348,4.852e-05,,"0x4e",,,,,
"I2C","address",3.83403988,3.536e-05,false,0x4E,false,,,,
"I2C","stop",3.83408196,3.99999999e-08,,,,,,,
"I2C","start",3.83509844,4.00000004e-08,,,,,,,
"I2C_STUSB4500","ping",3.83509844,4.852e-05,,"0x4f",,,,,
"I2C","address",3.8351048,3.544e-05,false,0x4F,false,,,,
"I2C","stop",3.83514692,3.99999999e-08,,,,,,,
"I2C","start",3.83516452,3.99999999e-08,,,,,,,
"I2C_STUSB4500","ping",3.83516452,4.84e-05,,"0x50",,,,,
"I2C","address",3.8351708,3.54e-05,false,0x50,false,,,,
"I2C","stop",3.83521288,3.99999999e-08,,,,,,,
"I2C","start",3.8362294,3.99999999e-08,,,,,,,
"I2C_STUSB4500","ping",3.8362294,4.86e-05,,"0x51",,,,,
"I2C","address",3.8362358,3.548e-05,false,0x51,false,,,,
"I2C","stop",3.83627796,4.00000004e-08,,,,,,,
"I2C","start",3.83629544,3.99999999e-08,,,,,,,
"I2C_STUSB4500","ping",3.83629544,4.844e-05,,"0x52",,,,,
"I2C","address",3.83630184,3.544e-05,false,0x52,false,,,,
"I2C","stop",3.83634384,3.99999999e-08,,,,,,,
"I2C","start",3.8373604,3.99999999e-08,,,,,,,
"I2C_STUSB4500","ping",3.8373604,4.848e-05,,"0x53",,,,,
"I2C","address",3.8373668,3.548e-05,false,0x53,false,,,,
"I2C","stop",3.83740884,3.99999999e-08,,,,,,,
"I2C","start",3.83742648,3.99999999e-08,,,,,,,
"I2C_STUSB4500","ping",3.83742648,4.844e-05,,"0x54",,,,,
"I2C","address",3.83743288,3.532e-05,false,0x54,false,,,,
"I2C","stop",3.83747488,4.00000004e-08,,,,,,,
"I2C","start",3.8384914,3.99999999e-08,,,,,,,
"I2C_STUSB4500","ping",3.8384914,4.848e-05,,"0x55",,,,,
"I2C","address",3.8384978,3.548e-05,false,0x55,false,,,,
"I2C","stop",3.83853984,3.99999994e-08,,,,,,,
"I2C","start",3.83855744,3.99999999e-08,,,,,,,
"I2C_STUSB4500","ping",3.83855744,4.852e-05,,"0x56",,,,,
"I2C","address",3.83856388,3.536e-05,false,0x56,false,,,,
"I2C","stop",3.83860592,4.00000004e-08,,,,,,,
"I2C","start",3.8396224,3.99999994e-08,,,,,,,
"I2C_STUSB4500","ping",3.8396224,4.852e-05,,"0x57",,,,,
"I2C","address",3.8396288,3.54e-05,false,0x57,false,,,,
"I2C","stop",3.83967088,4.00000004e-08,,,,,,,
"I2C","start",3.83968848,4.00000004e-08,,,,,,,
"I2C_STUSB4500","ping",3.83968848,4.848e-05,,"0x58",,,,,
"I2C","address",3.83969476,3.544e-05,false,0x58,false,,,,
"I2C","stop",3.83973692,4.00000004e-08,,,,,,,
"I2C","start",3.8407534,3.99999999e-08,,,,,,,
"I2C_STUSB4500","ping",3.8407534,4.848e-05,,"0x59",,,,,
"I2C","address",3.84075976,3.552e-05,false,0x59,false,,,,
"I2C","stop",3.84080184,3.99999999e-08,,,,,,,
"I2C","start",3.84081944,3.99999999e-08,,,,,,,
"I2C_STUSB4500","ping",3.84081944,4.848e-05,,"0x5a",,,,,
"I2C","address",3.84082584,3.536e-05,false,0x5A,false,,,,
"I2C","stop",3.84086788,4.00000004e-08,,,,,,,
"I2C","start",3.84188436,3.99999999e-08,,,,,,,
"I2C_STUSB4500","ping",3.84188436,4.852e-05,,"0x5b",,,,,
"I2C","address",3.84189076,3.54e-05,false,0x5B,false,,,,
"I2C","stop",3.84193284,3.99999999e-08,,,,,,,
"I2C","start",3.84195048,4.00000004e-08,,,,,,,
"I2C_STUSB4500","ping",3.84195048,4.848e-05,,"0x5c",,,,,
"I2C","address",3.84195676,3.548e-05,false,0x5C,false,,,,
"I2C","stop",3.84199892,4.00000004e-08,,,,,,,
"I2C","start",3.84301536,4.00000004e-08,,,,,,,
"I2C_STUSB4500","ping",3.84301536,4.852e-05,,"0x5d",,,,,
"I2C","address",3.84302176,3.54e-05,false,0x5D,false,,,,
"I2C","stop",3.84306384,3.99999994e-08,,,,,,,
"I2C","start",3.84308144,3.99999994e-08,,,,,,,
"I2C_STUSB4500","ping",3.84308144,4.84e-05,,"0x5e",,,,,
"I2C","address",3.84308776,3.548e-05,false,0x5E,false,,,,
"I2C","stop",3.8431298,4.00000004e-08,,,,,,,
"I2C","start",3.84414636,4.00000004e-08,,,,,,,
"I2C_STUSB4500","ping",3.84414636,4.856e-05,,"0x5f",,,,,
"I2C","address",3.84415276,3.544e-05,false,0x5F,false,,,,
"I2C","stop",3.84419488,3.99999999e-08,,,,,,,
"I2C","start",3.8442114,4.00000004e-08,,,,,,,
"I2C_STUSB4500","ping",3.8442114,4.844e-05,,"0x60",,,,,
"I2C","address",3.8442178,3.544e-05,false,0x60,false,,,,
"I2C","stop",3.8442598,3.99999994e-08,,,,,,,
"I2C","start",3.84527636,3.99999994e-08,,,,,,,
"I2C_STUSB4500","ping",3.84527636,4.856e-05,,"0x61",,,,,
"I2C","address",3.84528276,3.544e-05,false,0x61,false,,,,
"I2C","stop",3.84532488,3.99999999e-08,,,,,,,
"I2C","start",3.84534236,3.99999999e-08,,,,,,,
"I2C_STUSB4500","ping",3.84534236,4.848e-05,,"0x62",,,,,
"I2C","address",3.84534876,3.548e-05,false,0x62,false,,,,
"I2C","stop",3.8453908,3.99999999e-08,,,,,,,
"I2C","start",3.84640736,3.99999999e-08,,,,,,,
"I2C_STUSB4500","ping",3.84640736,4.848e-05,,"0x63",,,,,
"I2C","address",3.84641372,3.552e-05,false,0x63,false,,,,
"I2C","stop",3.8464558,3.99999999e-08,,,,,,,
"I2C","start",3.8464734,4.00000004e-08,,,,,,,
"I2C_STUSB4500","ping",3.8464734,4.844e-05,,"0x64",,,,,
"I2C","address",3.8464798,3.532e-05,false,0x64,false,,,,
"I2C","stop",3.8465218,3.99999999e-08,,,,,,,
"I2C","start",3.84753832,3.99999999e-08,,,,,,,
"I2C_STUSB4500","ping",3.84753832,4.852e-05,,"0x65",,,,,
"I2C","address",3.84754472,3.552e-05,false,0x65,false,,,,
"I2C","stop",3.8475868,3.99999999e-08,,,,,,,
"I2C","start",3.8476044,4.00000004e-08,,,,,,,
"I2C_STUSB4500","ping",3.8476044,4.848e-05,,"0x66",,,,,
"I2C","address",3.8476108,3.536e-05,false,0x66,false,,,,
"I2C","stop",3.84765284,4.00000004e-08,,,,,,,
"I2C","start",3.84866932,4.00000004e-08,,,,,,,
"I2C_STUSB4500","ping",3.84866932,4.852e-05,,"0x67",,,,,
"I2C","address",3.84867572,3.54e-05,false,0x67,false,,,,
"I2C","stop",3.8487178,3.99999994e-08,,,,,,,
"I2C","start",3.8487354,3.99999999e-08,,,,,,,
"I2C_STUSB4500","ping",3.8487354,4.848e-05,,"0x68",,,,,
"I2C","address",3.84874168,3.548e-05,false,0x68,false,,,,
"I2C","stop",3.84878384,3.99999999e-08,,,,,,,
"I2C","start",3.84980032,4.00000004e-08,,,,,,,
"I2C_STUSB4500","ping",3.84980032,4.848e-05,,"0x69",,,,,
"I2C","address",3.84980672,3.548e-05,false,0x69,false,,,,
"I2C","stop",3.84984876,4.00000004e-08,,,,,,,
"I2C","start",3.84986636,3.99999999e-08,,,,,,,
"I2C_STUSB4500","ping",3.84986636,4.852e-05,,"0x6a",,,,,
"I2C","address",3.84987276,3.54e-05,false,0x6A,false,,,,
"I2C","stop",3.84991484,4.00000004e-08,,,,,,,
"I2C","start",3.85093132,3.99999999e-08,,,,,,,
"I2C_STUSB4500","ping",3.85093132,4.852e-05,,"0x6b",,,,,
"I2C","address",3.85093772,3.54e-05,false,0x6B,false,,,,
"I2C","stop",3.8509798,3.99999999e-08,,,,,,,
"I2C","start",3.8509974,4.00000004e-08,,,,,,,
"I2C_STUSB4500","ping",3.8509974,4.848e-05,,"0x6c",,,,,
"I2C","address",3.85100368,3.548e-05,false,0x6C,false,,,,
"I2C","stop",3.85104584,4.00000004e-08,,,,,,,
"I2C","start",3.85206232,4.00000004e-08,,,,,,,
"I2C_STUSB4500","ping",3.85206232,4.852e-05,,"0x6d",,,,,
"I2C","address",3.85206868,3.544e-05,false,0x6D,false,,,,
"I2C","stop",3.8521108,3.99999994e-08,,,,,,,
"I2C","start",3.8521284,4.00000004e-08,,,,,,,
"I2C_STUSB4500","ping",3.8521284,4.84e-05,,"0x6e",,,,,
"I2C","address",3.85213468,3.552e-05,false,0x6E,false,,,,
"I2C","stop",3.85217676,4.00000004e-08,,,,,,,
"I2C","start",3.85319328,3.99999999e-08,,,,,,,
"I2C_STUSB4500","ping",3.85319328,4.856e-05,,"0x6f",,,,,
"I2C","address",3.85319968,3.544e-05,false,0x6F,false,,,,
"I2C","stop",3.8532418,3.99999999e-08,,,,,,,
"I2C","start",3.85325832,3.99999999e-08,,,,,,,
"I2C_STUSB4500","ping",3.85325832,4.848e-05,,"0x70",,,,,
"I2C","address",3.85326472,3.548e-05,false,0x70,false,,,,
"I2C","stop",3.85330676,3.99999999e-08,,,,,,,
"I2C","start",3.85432328,4.00000004e-08,,,,,,,
"I2C_STUSB4500","ping",3.85432328,4.848e-05,,"0x71",,,,,
"I2C","address",3.85432968,3.548e-05,false,0x71,false,,,,
"I2C","stop",3.85437172,3.99999999e-08,,,,,,,
"I2C","start",3.85438936,4.00000004e-08,,,,,,,
"I2C_STUSB4500","ping",3.85438936,4.848e-05,,"0x72",,,,,
"I2C","address",3.85439576,3.536e-05,false,0x72,false,,,,
"I2C","stop",3.8544378,4.00000004e-08,,,,,,,
"I2C","start",3.85545428,4.00000004e-08,,,,,,,
"I2C_STUSB4500","ping",3.85545428,4.852e-05,,"0x73",,,,,
"I2C","address",3.85546068,3.54e-05,false,0x73,false,,,,
"I2C","stop",3.85550276,4.00000004e-08,,,,,,,
"I2C","start",3.85552036,3.99999999e-08,,,,,,,
"I2C_STUSB4500","ping",3.85552036,4.848e-05,,"0x74",,,,,
"I2C","address",3.85552664,3.548e-05,false,0x74,false,,,,
"I2C","stop",3.8555688,3.99999999e-08,,,,,,,
"I2C","start",3.85658528,4.00000004e-08,,,,,,,
"I2C_STUSB4500","ping",3.85658528,4.852e-05,,"0x75",,,,,
"I2C","address",3.85659168,3.54e-05,false,0x75,false,,,,
"I2C","stop",3.85663376,4.00000004e-08,,,,,,,
"I2C","start",3.85665136,4.00000004e-08,,,,,,,
"I2C_STUSB4500","ping",3.85665136,4.84e-05,,"0x76",,,,,
"I2C","address",3.85665764,3.552e-05,false,0x76,false,,,,
"I2C","stop",3.85669972,3.99999999e-08,,,,,,,
"I2C","start",3.85771628,3.99999999e-08,,,,,,,
"I2C_STUSB4500","ping",3.85771628,4.852e-05,,"0x77",,,,,
"I2C","address",3.85772264,3.544e-05,false,0x77,false,,,,
"I2C","stop",3.85776476,4.00000004e-08,,,,,,,
"I2C","start",3.85933368,3.99999999e-08,,,,,,,
"I2C_STUSB4500","read",3.85933368,0.24954808,,"0x30",,,"data onlydata onlydata onlydata onlydata onlydata onlydata onlydata onlydata onlydata onlydata onlydata onlydata onlydata onlydata onlydata onlydata onlydata onlydata onlydata onlydata onlydata onlydata onlydata onlydata onlydata onlydata onlydata onlydata onlydata onlydata onlydata onlydata onlydata onlydata onlydata onlydata onlydata onlydata onlydata onlydata onlydata onlydata onlydata onlydata onlydata onlydata onlydata onlydata onlydata onlydata onlydata onlydata onlydata onlydata onlydata onlydata onlydata onlydata only, Obtain , RX_DATA_OBJ6_1: ",,
"I2C","address",3.85933688,2.844e-05,true,0x30,true,,,,
"I2C","data",4.10662316,2.976e-05,true,,,0x48,,,
"I2C","data",4.10667012,2.876e-05,true,,,0x65,,,
"I2C","data",4.10671604,2.904e-05,true,,,0x6C,,,
"I2C","data",4.10676228,2.9e-05,true,,,0x6C,,,
"I2C","data",4.10680948,2.896e-05,true,,,0x6F,,,
"I2C","data",4.10685728,2.904e-05,true,,,0x20,,,
"I2C","data",4.10690512,2.884e-05,true,,,0x66,,,
"I2C","data",4.10695296,2.888e-05,true,,,0x72,,,
"I2C","data",4.1070008,2.892e-05,true,,,0x6F,,,
"I2C","data",4.10704864,2.872e-05,true,,,0x6D,,,
"I2C","data",4.1070946,2.92e-05,true,,,0x20,,,
"I2C","data",4.10714104,2.896e-05,true,,,0x74,,,
"I2C","data",4.10718724,2.896e-05,true,,,0x68,,,
"I2C","data",4.10723344,2.872e-05,true,,,0x65,,,
"I2C","data",4.1072798,2.904e-05,true,,,0x20,,,
"I2C","data",4.1073276,2.888e-05,true,,,0x49,,,
"I2C","data",4.10737544,2.892e-05,true,,,0x74,,,
"I2C","data",4.10742328,2.896e-05,true,,,0x73,,,
"I2C","data",4.10747112,2.9e-05,true,,,0x79,,,
"I2C","data",4.10751896,2.904e-05,true,,,0x42,,,
"I2C","data",4.10756528,2.892e-05,true,,,0x69,,,
"I2C","data",4.1076116,2.904e-05,true,,,0x74,,,
"I2C","data",4.1076578,2.904e-05,true,,,0x73,,,
"I2C","data",4.10770428,2.9e-05,true,,,0x79,,,
"I2C","data",4.10775224,2.892e-05,true,,,0x21,,,
"I2C","data",4.10779244,2.916e-05,true,,,0xFF,,,
"I2C","data",4.10782352,2.916e-05,true,,,0xFF,,,
"I2C","data",4.1078546,2.916e-05,true,,,0xFF,,,
"I2C","data",4.10788568,2.916e-05,true,,,0xFF,,,
"I2C","data",4.10791676,2.916e-05,true,,,0xFF,,,
"I2C","data",4.10794784,2.916e-05,true,,,0xFF,,,
"I2C","data",4.10797892,2.916e-05,true,,,0xFF,,,
"I2C","data",4.10801,2.916e-05,true,,,0xFF,,,
"I2C","data",4.10804108,2.916e-05,true,,,0xFF,,,
"I2C","data",4.10807216,2.916e-05,true,,,0xFF,,,
"I2C","data",4.10810324,2.916e-05,true,,,0xFF,,,
"I2C","data",4.10813432,2.916e-05,true,,,0xFF,,,
"I2C","data",4.1081654,2.916e-05,true,,,0xFF,,,
"I2C","data",4.10819648,2.916e-05,true,,,0xFF,,,
"I2C","data",4.10822756,2.916e-05,true,,,0xFF,,,
"I2C","data",4.10825864,2.916e-05,true,,,0xFF,,,
"I2C","data",4.10828972,2.916e-05,true,,,0xFF,,,
"I2C","data",4.1083208,2.916e-05,true,,,0xFF,,,
"I2C","data",4.10835188,2.916e-05,true,,,0xFF,,,
"I2C","data",4.10838296,2.916e-05,true,,,0xFF,,,
"I2C","data",4.10841404,2.916e-05,true,,,0xFF,,,
"I2C","data",4.10844512,2.916e-05,true,,,0xFF,,,
"I2C","data",4.1084762,2.916e-05,true,,,0xFF,,,
"I2C","data",4.10850728,2.916e-05,true,,,0xFF,,,
"I2C","data",4.10853836,2.916e-05,true,,,0xFF,,,
"I2C","data",4.10856944,2.916e-05,true,,,0xFF,,,
"I2C","data",4.10860052,2.916e-05,true,,,0xFF,,,
"I2C","data",4.1086316,2.916e-05,true,,,0xFF,,,
"I2C","data",4.10866268,2.916e-05,true,,,0xFF,,,
"I2C","data",4.10869376,2.916e-05,true,,,0xFF,,,
"I2C","data",4.10872484,2.916e-05,true,,,0xFF,,,
"I2C","data",4.10875592,2.916e-05,true,,,0xFF,,,
"I2C","data",4.108787,2.916e-05,true,,,0xFF,,,
"I2C","data",4.10881808,2.916e-05,true,,,0xFF,,,
"I2C","data",4.10884916,2.86e-05,false,,,0xFF,,,
"I2C","stop",4.10888172,3.99999999e-08,,,,,,,
"I2C","start",4.10944012,3.99999999e-08,,,,,,,
"I2C_STUSB4500","hi2c",4.10944012,0.41004908,,"0x32",,"0x48, 0x65, 0x6c, 0x6c, 0x6f, 0x20, 0x66, 0x72, 0x6f, 0x6d, 0x20, 0x74, 0x68, 0x65, 0x20, 0x54, 0x72, 0x69, 0x6e, 0x6b, 0x65, 0x74, 0x20, 0x4d, 0x30, 0x21, 0xff, 0xff, 0xff, 0xff, 0xff, 0xff, 0xff, 0xff, 0xff, 0xff, 0xff, 0xff, 0xff, 0xff, 0xff, 0xff, 0xff, 0xff, 0xff, 0xff, 0xff, 0xff, 0xff, 0xff, 0xff, 0xff, 0xff, 0xff, 0xff, 0xff, 0xff, 0xff, 0xff, 0xff","Responds:, data onlydata onlydata onlydata onlydata onlydata onlydata onlydata onlydata onlydata onlydata onlydata onlydata onlydata onlydata onlydata onlydata onlydata onlydata onlydata onlydata onlydata onlydata onlydata onlydata onlydata onlydata onlydata onlydata onlydata onlydata onlydata onlydata onlydata onlydata onlydata onlydata onlydata onlydata onlydata onlydata onlydata onlydata onlydata onlydata onlydata onlydata onlydata onlydata onlydata onlydata onlydata onlydata onlydata onlydata onlydata onlydata onlydata onlydata onlydata only",0x000000000000003C,""
"I2C","address",4.10944328,3.16e-05,true,0x32,true,,,,
"I2C","data",4.51742356,2.94e-05,true,,,0x48,,,
"I2C","data",4.51745864,2.9e-05,true,,,0x65,,,
"I2C","data",4.51749332,2.9e-05,true,,,0x6C,,,
"I2C","data",4.517528,2.9e-05,true,,,0x6C,,,
"I2C","data",4.51756268,2.9e-05,true,,,0x6F,,,
"I2C","data",4.51759736,2.924e-05,true,,,0x20,,,
"I2C","data",4.51763224,2.904e-05,true,,,0x66,,,
"I2C","data",4.51766692,2.904e-05,true,,,0x72,,,
"I2C","data",4.5177016,2.904e-05,true,,,0x6F,,,
"I2C","data",4.51773628,2.88e-05,true,,,0x6D,,,
"I2C","data",4.51777072,2.928e-05,true,,,0x20,,,
"I2C","data",4.51780568,2.9e-05,true,,,0x74,,,
"I2C","data",4.51784032,2.904e-05,true,,,0x68,,,
"I2C","data",4.517875,2.88e-05,true,,,0x65,,,
"I2C","data",4.51790948,2.924e-05,true,,,0x20,,,
"I2C","data",4.5179444,2.9e-05,true,,,0x54,,,
"I2C","data",4.51797904,2.904e-05,true,,,0x72,,,
"I2C","data",4.51801372,2.904e-05,true,,,0x69,,,
"I2C","data",4.5180484,2.904e-05,true,,,0x6E,,,
"I2C","data",4.51808308,2.88e-05,true,,,0x6B,,,
"I2C","data",4.51811752,2.88e-05,true,,,0x65,,,
"I2C","data",4.518152,2.896e-05,true,,,0x74,,,
"I2C","data",4.51818664,2.928e-05,true,,,0x20,,,
"I2C","data",4.5182216,2.896e-05,true,,,0x4D,,,
"I2C","data",4.51825624,2.924e-05,true,,,0x30,,,
"I2C","data",4.5182912,2.896e-05,true,,,0x21,,,
"I2C","data",4.51832504,2.908e-05,true,,,0xFF,,,
"I2C","data",4.51835912,2.92e-05,true,,,0xFF,,,
"I2C","data",4.51839332,2.92e-05,true,,,0xFF,,,
"I2C","data",4.51842752,2.92e-05,true,,,0xFF,,,
"I2C","data",4.51846176,2.916e-05,true,,,0xFF,,,
"I2C","data",4.51849592,2.92e-05,true,,,0xFF,,,
"I2C","data",4.51853012,2.92e-05,true,,,0xFF,,,
"I2C","data",4.51856432,2.92e-05,true,,,0xFF,,,
"I2C","data",4.51859852,2.92e-05,true,,,0xFF,,,
"I2C","data",4.51863272,2.92e-05,true,,,0xFF,,,
"I2C","data",4.51866696,2.916e-05,true,,,0xFF,,,
"I2C","data",4.51870112,2.92e-05,true,,,0xFF,,,
"I2C","data",4.51873532,2.92e-05,true,,,0xFF,,,
"I2C","data",4.51876952,2.92e-05,true,,,0xFF,,,
"I2C","data",4.51880372,2.92e-05,true,,,0xFF,,,
"I2C","data",4.51883792,2.92e-05,true,,,0xFF,,,
"I2C","data",4.51887212,2.92e-05,true,,,0xFF,,,
"I2C","data",4.51890632,2.92e-05,true,,,0xFF,,,
"I2C","data",4.51894052,2.92e-05,true,,,0xFF,,,
"I2C","data",4.51897472,2.92e-05,true,,,0xFF,,,
"I2C","data",4.51900892,2.92e-05,true,,,0xFF,,,
"I2C","data",4.51904312,2.92e-05,true,,,0xFF,,,
"I2C","data",4.51907732,2.92e-05,true,,,0xFF,,,
"I2C","data",4.51911152,2.92e-05,true,,,0xFF,,,
"I2C","data",4.51914572,2.92e-05,true,,,0xFF,,,
"I2C","data",4.51917992,2.92e-05,true,,,0xFF,,,
"I2C","data",4.51921412,2.92e-05,true,,,0xFF,,,
"I2C","data",4.51924836,2.916e-05,true,,,0xFF,,,
"I2C","data",4.51928252,2.92e-05,true,,,0xFF,,,
"I2C","data",4.51931672,2.92e-05,true,,,0xFF,,,
"I2C","data",4.51935092,2.92e-05,true,,,0xFF,,,
"I2C","data",4.51938512,2.92e-05,true,,,0xFF,,,
"I2C","data",4.51941932,2.92e-05,true,,,0xFF,,,
"I2C","data",4.51945356,2.864e-05,false,,,0xFF,,,
"I2C","stop",4.51948916,3.99999999e-08,,,,,,,
